ID,Year_Birth,Income,Kidhome,Teenhome,Dt_Customer,Recency,MntWines,MntFruits,MntMeatProducts,MntFishProducts,MntSweetProducts,MntGoldProds,NumDealsPurchases,NumWebPurchases,NumCatalogPurchases,NumStorePurchases,NumWebVisitsMonth,AcceptedCmp3,AcceptedCmp4,AcceptedCmp5,AcceptedCmp1,AcceptedCmp2,Complain,Z_CostContact,Z_Revenue,Response,Education_2n Cycle,Education_Basic,Education_Graduation,Education_Master,Education_PhD,Marital_Status_Absurd,Marital_Status_Alone,Marital_Status_Divorced,Marital_Status_Married,Marital_Status_Single,Marital_Status_Together,Marital_Status_Widow,Marital_Status_YOLO,Total Spend,Total Purchases,ROI
2174,1954,46344.0,1,1,2014-03-08,38,11,1,6,2,1,6,2,1,1,2,5,0,0,0,0,0,0,3,11,0,False,False,True,False,False,False,False,False,False,True,False,False,False,27,4,266.66666666666663
4141,1965,71613.0,0,0,2013-08-21,26,426,49,127,111,21,42,1,8,2,10,4,0,0,0,0,0,0,3,11,0,False,False,True,False,False,False,False,False,False,False,True,False,False,776,20,266.66666666666663
6182,1984,26646.0,1,0,2014-02-10,26,11,4,20,10,3,5,2,2,0,4,6,0,0,0,0,0,0,3,11,0,False,False,True,False,False,False,False,False,False,False,True,False,False,53,6,266.66666666666663
5324,1981,58293.0,1,0,2014-01-19,94,173,43,118,46,27,15,5,5,3,6,5,0,0,0,0,0,0,3,11,0,False,False,False,False,True,False,False,False,True,False,False,False,False,422,14,266.66666666666663
7446,1967,62513.0,0,1,2013-09-09,16,520,42,98,0,42,14,2,6,4,10,6,0,0,0,0,0,0,3,11,0,False,False,False,True,False,False,False,False,False,False,True,False,False,716,20,266.66666666666663
965,1971,55635.0,0,1,2012-11-13,34,235,65,164,50,49,27,4,7,3,7,6,0,0,0,0,0,0,3,11,0,False,False,True,False,False,False,False,True,False,False,False,False,False,590,17,266.66666666666663
6177,1985,33454.0,1,0,2013-05-08,32,76,10,56,3,1,23,2,4,0,4,8,0,0,0,0,0,0,3,11,0,False,False,False,False,True,False,False,False,True,False,False,False,False,169,8,266.66666666666663
1994,1983,51381.5,1,0,2013-11-15,11,5,5,6,0,2,1,1,1,0,2,7,0,0,0,0,0,0,3,11,0,False,False,True,False,False,False,False,False,True,False,False,False,False,19,3,266.66666666666663
387,1976,7500.0,0,0,2012-11-13,59,6,16,11,11,1,16,1,2,0,3,8,0,0,0,0,0,0,3,11,0,False,True,False,False,False,False,False,False,True,False,False,False,False,61,5,266.66666666666663
8180,1952,59354.0,1,1,2013-11-15,53,233,2,53,3,5,14,3,6,1,5,6,0,0,0,0,0,0,3,11,0,False,False,False,True,False,False,False,True,False,False,False,False,False,310,12,266.66666666666663
2569,1987,17323.0,0,0,2012-10-10,38,3,14,17,6,1,5,1,1,0,3,8,0,0,0,0,0,0,3,11,0,False,False,True,False,False,False,False,False,True,False,False,False,False,46,4,266.66666666666663
9736,1980,41850.0,1,1,2012-12-24,51,53,5,19,2,13,4,3,3,0,3,8,0,0,0,0,0,0,3,11,0,False,False,True,False,False,False,False,False,True,False,False,False,False,96,6,266.66666666666663
2278,1985,33812.0,1,0,2012-11-03,86,4,17,19,30,24,39,2,2,1,3,6,0,0,0,0,0,0,3,11,0,True,False,False,False,False,False,False,False,False,True,False,False,False,133,6,266.66666666666663
9360,1982,37040.0,0,0,2012-08-08,41,86,2,73,69,38,48,1,4,2,5,8,0,0,0,0,0,0,3,11,0,False,False,True,False,False,False,False,False,True,False,False,False,False,316,11,266.66666666666663
4047,1954,65324.0,0,1,2014-01-11,0,384,0,102,21,32,5,3,6,2,9,4,0,0,0,0,0,0,3,11,0,False,False,False,False,True,False,False,False,True,False,False,False,False,544,17,266.66666666666663
7892,1969,18589.0,0,0,2013-01-02,89,6,4,25,15,12,13,2,2,1,3,7,0,0,0,0,0,0,3,11,0,False,False,True,False,False,False,False,False,False,True,False,False,False,75,6,266.66666666666663
2404,1976,53359.0,1,1,2013-05-27,4,173,4,30,3,6,41,4,5,1,4,7,0,0,0,0,0,0,3,11,0,False,False,True,False,False,False,False,False,True,False,False,False,False,257,10,266.66666666666663
9422,1989,38360.0,1,0,2013-05-31,26,36,2,42,20,21,10,2,2,1,4,3,0,0,0,0,0,0,3,11,0,False,False,True,False,False,False,False,False,True,False,False,False,False,131,7,266.66666666666663
6864,1989,10979.0,0,0,2014-05-22,34,8,4,10,2,2,4,2,3,0,3,5,0,0,0,0,0,0,3,11,0,False,False,False,True,False,False,False,True,False,False,False,False,False,30,6,266.66666666666663
3033,1963,38620.0,0,0,2013-05-11,56,112,17,44,34,22,89,1,2,5,3,3,0,0,0,0,0,0,3,11,0,False,False,False,True,False,False,False,False,False,False,True,False,False,318,10,266.66666666666663
8755,1946,68657.0,0,0,2013-02-20,4,482,34,471,119,68,22,1,3,5,9,7,0,0,0,0,0,0,3,11,0,False,False,False,True,False,False,False,False,True,False,False,False,False,1196,17,266.66666666666663
10738,1951,49389.0,1,1,2013-08-29,55,40,0,19,2,1,3,1,2,0,3,7,0,0,0,0,0,0,3,11,0,False,False,False,True,False,False,False,False,False,True,False,False,False,65,5,266.66666666666663
4339,1970,67353.0,0,1,2013-12-31,37,702,17,151,0,8,35,5,5,6,12,2,0,0,0,0,0,0,3,11,0,False,False,False,False,True,False,False,False,True,False,False,False,False,913,23,266.66666666666663
10755,1976,23718.0,1,0,2013-09-02,76,6,3,14,15,7,36,3,3,1,2,7,0,0,0,0,0,0,3,11,0,True,False,False,False,False,False,False,False,True,False,False,False,False,81,6,266.66666666666663
8595,1973,42429.0,0,1,2014-02-11,99,55,0,6,2,0,4,2,1,1,3,5,0,0,0,0,0,0,3,11,0,False,False,True,False,False,False,False,False,False,False,False,True,False,67,5,266.66666666666663
503,1985,20559.0,1,0,2013-03-12,88,13,1,29,3,0,7,2,2,0,3,8,0,0,0,0,0,0,3,11,0,False,False,False,True,False,False,False,False,True,False,False,False,False,53,5,266.66666666666663
8430,1957,21994.0,0,1,2012-12-24,4,9,0,6,3,1,3,1,0,0,3,5,0,0,0,0,0,0,3,11,0,False,False,True,False,False,False,False,False,False,False,True,False,False,22,3,266.66666666666663
7281,1959,51381.5,0,0,2013-11-05,80,81,11,50,3,2,39,1,1,3,4,2,0,0,0,0,0,0,3,11,0,False,False,False,False,True,False,False,False,False,True,False,False,False,186,8,266.66666666666663
2139,1975,7500.0,1,0,2013-10-02,19,3,1,10,3,2,12,3,2,0,3,5,0,0,0,0,0,0,3,11,0,False,False,False,True,False,False,False,False,True,False,False,False,False,31,5,266.66666666666663
7286,1968,41728.0,1,0,2013-05-24,92,13,6,15,3,5,13,1,2,0,2,10,0,0,0,0,0,0,3,11,0,False,False,True,False,False,False,False,False,False,False,True,False,False,55,4,266.66666666666663
7244,1951,51381.5,2,1,2014-01-01,96,48,5,48,6,10,7,3,2,1,4,6,0,0,0,0,0,0,3,11,0,False,False,True,False,False,False,False,False,False,True,False,False,False,124,7,266.66666666666663
8614,1957,65486.0,0,1,2014-05-12,29,245,19,125,37,67,14,1,4,2,10,2,0,0,0,0,0,0,3,11,0,False,False,True,False,False,False,False,False,False,False,False,True,False,507,16,266.66666666666663
1331,1977,35790.0,1,0,2013-01-02,54,12,6,20,30,1,3,2,2,0,3,7,0,0,0,0,0,0,3,11,0,False,False,True,False,False,False,False,False,False,True,False,False,False,72,5,266.66666666666663
7437,1988,27938.0,1,0,2014-04-28,31,13,0,8,2,1,5,1,1,0,4,3,0,0,0,0,0,0,3,11,0,False,False,True,False,False,False,False,False,False,True,False,False,False,29,5,266.66666666666663
8557,1982,51381.5,1,0,2013-06-17,57,11,3,22,2,2,6,2,2,0,3,6,0,0,0,0,0,0,3,11,0,False,False,True,False,False,False,False,False,False,True,False,False,False,46,5,266.66666666666663
8375,1968,55954.0,0,1,2014-03-03,63,447,0,28,0,0,43,3,8,2,6,7,0,0,0,0,0,0,3,11,0,False,False,False,False,True,False,False,False,True,False,False,False,False,518,16,266.66666666666663
3076,1975,66653.0,1,1,2012-09-07,18,452,18,102,16,18,6,4,4,2,12,3,0,0,0,0,0,0,3,11,0,False,False,True,False,False,False,False,False,False,False,True,False,False,612,18,266.66666666666663
6518,1951,67680.0,0,1,2013-06-11,8,546,0,48,0,6,6,1,7,3,8,5,0,0,0,0,0,0,3,11,0,False,False,False,False,True,False,False,False,False,False,False,True,False,606,18,266.66666666666663
1386,1967,32474.0,1,1,2014-05-11,0,10,0,1,0,0,0,1,1,0,2,7,0,0,0,0,0,0,3,11,0,False,False,True,False,False,False,False,False,False,False,True,False,False,11,3,266.66666666666663
10629,1973,51381.5,1,0,2012-09-14,25,25,3,43,17,4,17,3,3,0,3,8,0,0,0,0,0,0,3,11,0,True,False,False,False,False,False,False,False,True,False,False,False,False,109,6,266.66666666666663
1050,1952,28332.0,0,0,2014-04-30,58,14,10,13,4,15,9,1,2,1,4,2,0,0,0,0,0,0,3,11,0,False,False,True,False,False,False,False,False,True,False,False,False,False,65,7,266.66666666666663
5846,1977,40246.0,1,0,2012-12-19,68,2,1,6,2,1,1,1,1,0,2,6,0,0,0,0,0,0,3,11,0,False,False,True,False,False,False,False,True,False,False,False,False,False,13,3,266.66666666666663
3332,1985,29760.0,1,0,2012-08-29,87,64,4,68,7,5,17,4,3,1,4,8,0,0,0,0,0,0,3,11,0,False,False,True,False,False,False,False,False,False,True,False,False,False,165,8,266.66666666666663
2261,1969,26304.0,1,0,2013-06-23,5,4,1,5,2,0,4,1,1,0,2,7,0,0,0,0,0,0,3,11,0,False,False,True,False,False,False,False,False,True,False,False,False,False,16,3,266.66666666666663
5346,1973,23559.0,1,0,2013-07-03,87,25,5,19,7,0,23,3,3,0,3,7,0,0,0,0,0,0,3,11,0,True,False,False,False,False,False,False,False,True,False,False,False,False,79,6,266.66666666666663
4119,1963,38620.0,0,0,2013-05-11,56,112,17,44,34,22,89,1,2,5,3,3,0,0,0,0,0,0,3,11,0,False,False,False,True,False,False,False,False,False,False,True,False,False,318,10,266.66666666666663
535,1987,81361.0,0,0,2014-02-25,18,163,23,424,27,65,76,1,3,10,13,1,0,0,0,0,0,0,3,11,0,False,False,True,False,False,False,False,True,False,False,False,False,False,778,26,266.66666666666663
5268,1960,29440.0,1,1,2013-08-11,95,17,8,14,10,4,3,2,1,0,4,7,0,0,0,0,0,0,3,11,0,False,False,True,False,False,False,False,False,True,False,False,False,False,56,5,266.66666666666663
771,1967,54178.0,0,1,2014-01-21,79,135,9,39,4,0,7,1,2,2,5,2,0,0,0,0,0,0,3,11,0,False,False,True,False,False,False,False,False,False,False,True,False,False,194,9,266.66666666666663
9235,1957,51381.5,1,1,2014-05-27,45,7,0,8,2,0,1,1,1,0,2,7,0,0,0,0,0,0,3,11,0,False,False,True,False,False,False,False,False,False,True,False,False,False,18,3,266.66666666666663
5798,1973,51381.5,0,0,2013-11-23,87,445,37,359,98,28,18,1,2,4,8,1,0,0,0,0,0,0,3,11,0,False,False,False,True,False,False,False,False,False,False,True,False,False,985,14,266.66666666666663
11178,1972,42394.0,1,0,2014-03-23,69,15,2,10,0,1,4,1,1,0,3,7,0,0,0,0,0,0,3,11,0,False,False,False,True,False,False,False,False,False,True,False,False,False,32,4,266.66666666666663
2230,1970,23626.0,1,0,2014-05-24,84,27,2,14,0,0,0,3,3,1,3,5,0,0,0,0,0,0,3,11,0,False,False,False,False,True,False,False,False,True,False,False,False,False,43,7,266.66666666666663
7516,1983,30096.0,1,0,2014-05-22,30,5,3,11,12,5,9,1,2,0,3,6,0,0,0,0,0,0,3,11,0,False,False,True,False,False,False,False,False,True,False,False,False,False,45,5,266.66666666666663
11100,1972,51813.0,1,1,2013-04-11,37,51,2,7,0,1,2,2,2,0,3,7,0,0,0,0,0,0,3,11,0,False,False,True,False,False,False,False,True,False,False,False,False,False,63,5,266.66666666666663
3037,1983,50150.0,0,0,2013-06-20,32,135,46,92,65,61,11,2,5,2,7,5,0,0,0,0,0,0,3,11,0,False,False,False,False,True,False,False,False,True,False,False,False,False,410,14,266.66666666666663
1473,1960,47823.0,0,1,2013-07-23,0,53,1,5,2,1,10,2,2,0,3,8,0,0,0,0,0,0,3,11,0,True,False,False,False,False,False,False,False,False,True,False,False,False,72,5,266.66666666666663
1016,1959,34554.0,0,1,2014-03-30,43,41,1,6,2,0,5,2,2,0,3,6,0,0,0,0,0,0,3,11,0,False,False,False,False,True,False,False,False,False,True,False,False,False,55,5,266.66666666666663
9370,1945,65846.0,0,0,2013-05-17,68,562,81,276,80,40,81,1,6,3,6,4,0,0,0,0,0,0,3,11,0,False,False,False,False,True,False,False,False,True,False,False,False,False,1120,15,266.66666666666663
8373,1979,24594.0,1,0,2013-12-10,94,1,3,6,10,0,9,1,1,0,3,5,0,0,0,0,0,0,3,11,0,False,True,False,False,False,False,False,False,False,False,True,False,False,29,4,266.66666666666663
7533,1964,49096.0,1,1,2013-09-24,15,144,1,32,2,1,7,4,4,1,4,7,0,0,0,0,0,0,3,11,0,False,False,True,False,False,False,False,False,True,False,False,False,False,187,9,266.66666666666663
3629,1978,38557.0,1,0,2012-12-19,17,76,3,31,4,4,27,2,3,1,3,7,0,0,0,0,0,0,3,11,0,False,False,True,False,False,False,False,False,False,True,False,False,False,145,7,266.66666666666663
9215,1980,43974.0,1,0,2012-12-12,19,378,0,101,0,0,72,5,6,4,6,7,0,0,0,0,0,0,3,11,0,False,False,False,False,True,False,False,False,True,False,False,False,False,551,16,266.66666666666663
2286,1962,50785.0,1,1,2013-09-10,27,64,1,21,0,1,27,2,2,1,3,6,0,0,0,0,0,0,3,11,0,False,False,True,False,False,False,False,False,False,True,False,False,False,114,6,266.66666666666663
5234,1967,30753.0,1,1,2013-07-11,85,12,5,25,0,9,30,2,1,1,3,5,0,0,0,0,0,0,3,11,0,True,False,False,False,False,False,False,False,False,False,True,False,False,81,5,266.66666666666663
9862,1969,21918.0,1,0,2013-11-14,37,1,6,7,11,5,3,2,2,0,3,6,0,0,0,0,0,0,3,11,0,False,False,True,False,False,False,False,False,False,False,True,False,False,33,5,266.66666666666663
9805,1953,56129.0,0,1,2013-06-20,65,320,48,133,39,72,48,4,6,2,10,4,0,0,0,0,0,0,3,11,0,False,False,False,True,False,False,False,False,False,False,True,False,False,660,18,266.66666666666663
8442,1985,19510.0,2,0,2013-09-04,63,9,0,7,3,4,7,2,1,0,3,7,0,0,0,0,0,0,3,11,0,False,False,False,True,False,False,False,False,True,False,False,False,False,30,4,266.66666666666663
7386,1976,30992.0,1,0,2013-04-22,83,17,0,14,7,3,2,1,1,0,3,7,0,0,0,0,0,0,3,11,0,False,False,True,False,False,False,False,True,False,False,False,False,False,43,4,266.66666666666663
3381,1953,54348.0,1,1,2014-06-08,51,70,0,16,0,0,4,2,2,0,4,6,0,0,0,0,0,0,3,11,0,False,False,False,True,False,False,False,False,True,False,False,False,False,90,6,266.66666666666663
8268,1961,51381.5,0,1,2013-07-11,23,352,0,27,10,0,15,3,6,1,7,6,0,0,0,0,0,0,3,11,0,False,False,False,False,True,False,False,False,True,False,False,False,False,404,14,266.66666666666663
11051,1956,77376.0,1,1,2014-05-10,72,492,19,110,16,12,12,4,6,3,10,4,0,0,0,0,0,0,3,11,0,False,False,False,False,True,False,False,False,False,False,True,False,False,661,19,266.66666666666663
433,1958,61331.0,1,1,2013-03-10,42,534,5,47,0,5,41,5,11,1,6,8,0,0,0,0,0,0,3,11,0,False,False,False,True,False,False,True,False,False,False,False,False,False,632,18,266.66666666666663
1295,1963,51381.5,0,1,2013-08-11,96,231,65,196,38,71,124,1,6,5,7,4,0,0,0,0,0,0,3,11,0,False,False,True,False,False,False,False,False,True,False,False,False,False,725,18,266.66666666666663
5290,1964,41551.0,1,1,2013-08-14,51,220,0,33,3,0,23,5,5,1,5,8,0,0,0,0,0,0,3,11,0,False,False,False,False,True,False,False,False,True,False,False,False,False,279,11,266.66666666666663
5342,1976,9548.0,1,0,2012-08-08,31,0,1,3,10,6,9,2,1,0,3,8,0,0,0,0,0,0,3,11,0,False,True,False,False,False,False,False,True,False,False,False,False,False,29,4,266.66666666666663
9579,1959,33762.0,2,1,2013-07-07,61,53,1,34,2,0,16,3,2,2,2,8,0,0,0,0,0,0,3,11,0,False,False,False,False,True,False,False,False,True,False,False,False,False,106,6,266.66666666666663
1461,1965,36921.0,1,1,2013-07-28,74,17,1,12,3,1,4,2,2,0,3,7,0,0,0,0,0,0,3,11,0,False,False,False,False,True,False,False,True,False,False,False,False,False,38,5,266.66666666666663
2937,1974,68352.0,0,1,2013-08-28,47,614,16,132,43,33,33,3,8,5,9,6,0,0,0,0,0,0,3,11,0,False,False,False,False,True,False,False,False,False,True,False,False,False,871,22,266.66666666666663
9701,1988,41883.0,1,0,2013-03-19,13,32,34,41,73,16,116,3,4,2,3,7,0,0,0,0,0,0,3,11,0,False,False,True,False,False,False,False,False,False,False,True,False,False,312,9,266.66666666666663
9949,1976,59809.0,0,2,2012-10-18,36,598,16,141,32,41,49,3,3,3,6,8,0,0,0,0,0,0,3,11,0,False,False,True,False,False,False,False,False,True,False,False,False,False,877,12,266.66666666666663
4050,1966,49605.0,0,0,2014-06-21,65,42,16,29,12,20,8,1,2,1,4,3,0,0,0,0,0,0,3,11,0,False,False,False,True,False,False,False,False,True,False,False,False,False,127,7,266.66666666666663
3830,1953,59354.0,0,2,2014-04-24,59,295,21,78,39,13,13,1,4,4,7,3,0,0,0,0,0,0,3,11,0,False,False,False,True,False,False,False,False,True,False,False,False,False,459,15,266.66666666666663
7798,1972,46344.0,0,1,2012-12-14,28,233,20,57,8,20,91,4,7,1,5,7,0,0,0,0,0,0,3,11,0,True,False,False,False,False,False,False,False,False,False,True,False,False,429,13,266.66666666666663
92,1988,34176.0,1,0,2014-05-12,12,5,7,24,19,14,20,4,3,0,4,6,0,0,0,0,0,0,3,11,0,False,False,True,False,False,False,True,False,False,False,False,False,False,89,7,266.66666666666663
7055,1952,61010.0,0,1,2012-10-09,57,888,0,57,0,0,76,2,8,5,11,5,0,0,0,0,0,0,3,11,0,False,False,False,False,True,False,False,False,False,False,True,False,False,1021,24,266.66666666666663
3025,1958,49967.0,0,1,2013-07-08,4,212,6,69,4,12,3,3,6,1,5,7,0,0,0,0,0,0,3,11,0,False,False,True,False,False,False,False,False,False,True,False,False,False,306,12,266.66666666666663
9283,1978,60199.0,1,2,2013-09-12,49,8,1,7,2,0,0,1,0,0,3,4,0,0,0,0,0,0,3,11,0,False,False,True,False,False,False,False,False,False,True,False,False,False,18,3,266.66666666666663
9970,1977,55375.0,0,1,2013-10-17,3,42,11,57,10,28,14,1,1,1,6,2,0,0,0,0,0,0,3,11,0,False,False,True,False,False,False,False,False,False,False,True,False,False,162,8,266.66666666666663
2795,1958,30523.0,2,1,2013-07-01,0,5,0,3,0,0,5,1,1,0,2,7,0,0,0,0,0,0,3,11,0,False,False,False,True,False,False,False,False,False,True,False,False,False,13,3,266.66666666666663
8182,1984,23228.0,1,0,2014-01-05,91,53,3,49,7,4,5,4,3,0,4,8,0,0,0,0,0,0,3,11,0,False,False,True,False,False,False,False,False,True,False,False,False,False,121,7,266.66666666666663
10095,1975,74165.0,0,0,2013-05-01,9,1001,12,240,16,12,12,1,5,4,10,2,0,0,0,0,0,0,3,11,0,False,False,False,False,True,False,False,True,False,False,False,False,False,1293,19,266.66666666666663
4370,1966,43482.0,2,1,2013-11-13,83,18,1,32,6,3,28,3,2,0,4,6,0,0,0,0,0,0,3,11,0,False,False,True,False,False,False,False,False,False,False,True,False,False,88,6,266.66666666666663
3152,1957,26091.0,1,1,2014-02-25,84,15,10,19,8,17,20,3,2,1,3,5,0,0,0,0,0,0,3,11,0,False,False,True,False,False,False,False,False,False,False,True,False,False,89,6,266.66666666666663
5610,1965,33456.0,1,1,2014-04-21,58,7,3,10,8,1,7,2,1,0,3,7,0,0,0,0,0,0,3,11,0,False,False,True,False,False,False,False,False,False,False,True,False,False,36,4,266.66666666666663
6460,1982,28718.0,1,0,2013-07-13,78,12,4,6,11,8,16,2,2,0,3,8,0,0,0,0,0,0,3,11,0,False,False,True,False,False,False,False,False,True,False,False,False,False,57,5,266.66666666666663
1349,1970,50447.0,2,0,2014-04-21,4,85,7,24,2,3,27,1,3,1,3,6,0,0,0,0,0,0,3,11,0,False,False,True,False,False,False,False,False,True,False,False,False,False,148,7,266.66666666666663
1880,1959,53537.0,1,1,2014-01-30,17,81,0,6,0,0,6,2,2,1,3,5,0,0,0,0,0,0,3,11,0,False,False,False,False,True,False,False,False,False,False,True,False,False,93,6,266.66666666666663
8717,1975,80427.0,0,1,2012-09-12,56,1149,71,449,69,71,26,1,11,8,8,5,0,0,0,0,0,0,3,11,0,False,False,False,False,True,False,False,False,True,False,False,False,False,1835,27,266.66666666666663
10854,1970,38853.0,1,1,2014-05-23,90,29,0,14,0,0,2,2,2,0,3,7,0,0,0,0,0,0,3,11,0,False,False,False,False,True,False,False,False,True,False,False,False,False,45,5,266.66666666666663
10492,1959,38285.0,2,1,2014-06-24,96,2,0,5,2,0,1,1,0,0,3,2,0,0,0,0,0,0,3,11,0,False,False,True,False,False,False,False,False,False,False,True,False,False,10,3,266.66666666666663
7698,1976,51650.0,0,1,2014-05-11,81,152,3,22,2,5,7,1,4,1,4,5,0,0,0,0,0,0,3,11,0,False,False,False,False,True,False,False,False,True,False,False,False,False,191,9,266.66666666666663
3559,1988,16248.0,1,0,2014-05-10,77,12,11,10,3,12,9,3,2,1,3,6,0,0,0,0,0,0,3,11,0,True,False,False,False,False,False,False,False,True,False,False,False,False,57,6,266.66666666666663
10796,1984,30477.0,1,0,2014-01-22,16,47,1,6,0,0,12,1,1,1,3,6,0,0,0,0,0,0,3,11,0,False,False,False,True,False,False,False,False,True,False,False,False,False,66,5,266.66666666666663
2563,1961,28249.0,0,0,2014-06-15,80,1,9,7,2,14,10,1,2,0,3,6,0,0,0,0,0,0,3,11,0,False,True,False,False,False,False,False,False,True,False,False,False,False,43,5,266.66666666666663
3518,1983,25271.0,1,0,2012-12-05,45,10,1,18,10,4,7,1,1,1,2,9,0,0,0,0,0,0,3,11,0,False,False,True,False,False,False,False,False,True,False,False,False,False,50,4,266.66666666666663
5823,1970,32303.0,0,1,2014-03-08,63,35,0,2,0,0,2,2,1,0,4,5,0,0,0,0,0,0,3,11,0,False,False,False,False,True,False,False,False,False,True,False,False,False,39,5,266.66666666666663
3934,1966,61286.0,0,1,2013-08-02,34,356,0,107,19,9,117,2,7,1,8,5,0,0,0,0,0,0,3,11,0,False,False,True,False,False,False,False,False,True,False,False,False,False,608,16,266.66666666666663
6431,1964,45759.0,1,1,2013-02-23,13,42,1,18,3,0,4,2,2,0,3,7,0,0,0,0,0,0,3,11,0,False,False,False,False,True,False,False,False,True,False,False,False,False,68,5,266.66666666666663
1324,1988,38872.0,1,0,2013-05-30,93,23,3,21,3,19,22,2,3,0,3,8,0,0,0,0,0,0,3,11,0,False,False,True,False,False,False,False,False,True,False,False,False,False,91,6,266.66666666666663
326,1973,51148.0,1,1,2013-02-18,38,235,6,45,8,9,12,4,5,1,6,6,0,0,0,0,0,0,3,11,0,False,False,True,False,False,False,False,False,True,False,False,False,False,315,12,266.66666666666663
7224,1977,31353.0,1,1,2013-12-29,24,10,0,10,3,1,7,2,1,1,2,8,0,0,0,0,0,0,3,11,0,False,False,True,False,False,False,False,False,True,False,False,False,False,31,4,266.66666666666663
6999,1980,69661.0,0,0,2014-05-13,80,656,16,106,32,16,8,1,7,3,12,3,0,0,0,0,0,0,3,11,0,False,False,False,True,False,False,False,False,True,False,False,False,False,834,22,266.66666666666663
1030,1965,40637.0,1,1,2013-07-17,72,22,0,13,0,0,3,2,1,0,3,7,0,0,0,0,0,0,3,11,0,False,False,False,False,True,False,False,False,False,True,False,False,False,38,4,266.66666666666663
5552,1963,48721.0,1,1,2013-05-13,50,81,18,113,47,13,21,6,4,2,5,6,0,0,0,0,0,0,3,11,0,False,False,False,True,False,False,False,True,False,False,False,False,False,293,11,266.66666666666663
868,1966,44794.0,0,1,2014-06-08,99,54,0,7,0,0,4,1,2,0,3,6,0,0,0,0,0,0,3,11,0,False,False,True,False,False,False,False,False,True,False,False,False,False,65,5,266.66666666666663
2677,1956,46097.0,0,1,2013-03-31,11,72,24,68,65,4,8,5,3,1,6,4,0,0,0,0,0,0,3,11,0,False,False,True,False,False,False,False,False,False,False,True,False,False,241,10,266.66666666666663
1584,1977,41443.0,1,0,2014-04-01,79,171,7,171,25,19,89,6,8,1,5,8,0,0,0,0,0,0,3,11,0,False,False,True,False,False,False,False,False,True,False,False,False,False,482,14,266.66666666666663
7264,1978,52195.0,2,1,2014-05-12,2,12,0,4,0,0,1,1,1,0,2,8,0,0,0,0,0,0,3,11,0,True,False,False,False,False,False,False,False,False,True,False,False,False,17,3,266.66666666666663
1377,1954,44551.0,0,1,2013-08-31,24,182,4,33,0,0,66,2,4,1,5,7,0,0,0,0,0,0,3,11,0,False,False,False,True,False,False,False,False,False,False,False,True,False,285,10,266.66666666666663
454,1980,69508.0,1,0,2012-11-14,48,824,32,162,42,32,43,2,11,4,11,6,0,0,0,0,0,0,3,11,0,False,False,True,False,False,False,False,False,False,False,True,False,False,1135,26,266.66666666666663
1755,1988,45204.0,1,0,2014-04-11,93,30,11,25,29,1,18,1,1,1,4,3,0,0,0,0,0,0,3,11,0,True,False,False,False,False,False,False,False,False,False,True,False,False,114,6,266.66666666666663
2075,1969,72460.0,0,0,2013-11-14,56,377,10,540,80,30,10,1,3,5,7,1,0,0,0,0,0,0,3,11,0,False,False,True,False,False,False,False,False,True,False,False,False,False,1047,15,266.66666666666663
4785,1970,77622.0,0,2,2014-04-14,3,520,7,154,19,0,14,2,6,3,11,3,0,0,0,0,0,0,3,11,0,False,False,False,False,True,False,False,False,False,False,True,False,False,714,20,266.66666666666663
9076,1980,30732.0,1,0,2013-01-05,44,155,1,25,0,1,3,4,4,1,4,8,0,0,0,0,0,0,3,11,0,False,False,False,False,True,False,False,False,True,False,False,False,False,185,9,266.66666666666663
7079,1962,63887.0,0,1,2012-09-08,38,897,23,207,15,11,92,5,9,6,12,6,0,0,0,0,0,0,3,11,0,False,False,True,False,False,False,False,True,False,False,False,False,False,1245,27,266.66666666666663
4653,1978,42011.0,1,0,2013-03-26,46,131,0,16,2,1,39,4,3,1,4,8,0,0,0,0,0,0,3,11,0,False,False,True,False,False,False,False,False,False,False,True,False,False,189,8,266.66666666666663
709,1952,51537.0,0,1,2012-12-09,27,787,20,204,0,0,92,3,2,2,11,8,0,0,0,0,0,0,3,11,0,False,False,True,False,False,False,False,True,False,False,False,False,False,1103,15,266.66666666666663
3726,1986,34320.0,1,0,2014-02-16,66,4,1,9,3,0,0,1,1,0,2,8,0,0,0,0,0,0,3,11,0,False,False,False,False,True,False,False,False,False,False,True,False,False,17,3,266.66666666666663
1606,1971,38590.0,1,0,2013-05-15,65,3,1,8,4,3,3,1,1,0,2,8,0,0,0,0,0,0,3,11,0,False,False,True,False,False,False,False,False,False,False,True,False,False,22,3,266.66666666666663
9617,1951,15033.0,0,0,2014-04-16,37,0,4,5,6,0,4,1,1,0,3,3,0,0,0,0,0,0,3,11,0,False,False,True,False,False,False,False,False,False,True,False,False,False,19,4,266.66666666666663
3233,1965,62745.0,0,1,2013-03-23,89,562,21,464,28,10,32,3,7,8,11,5,0,0,0,0,0,0,3,11,0,False,False,False,False,True,False,False,False,True,False,False,False,False,1117,26,266.66666666666663
89,1975,22212.0,1,0,2013-12-09,49,5,9,20,6,8,21,2,2,0,4,6,0,0,0,0,0,0,3,11,0,True,False,False,False,False,False,False,False,True,False,False,False,False,69,6,266.66666666666663
2936,1982,23661.0,1,0,2013-12-04,46,18,0,4,0,0,1,1,1,0,3,7,0,0,0,0,0,0,3,11,0,False,False,False,True,False,False,False,False,False,False,True,False,False,23,4,266.66666666666663
9449,1958,79761.0,0,1,2013-10-04,32,415,5,124,15,35,11,1,5,2,11,3,0,0,0,0,0,0,3,11,0,False,False,False,False,True,False,False,False,False,True,False,False,False,605,18,266.66666666666663
7297,1973,7500.0,1,0,2013-12-26,54,5,3,10,12,7,20,4,3,1,3,7,0,0,0,0,0,0,3,11,0,False,False,True,False,False,False,False,False,False,True,False,False,False,57,7,266.66666666666663
10735,1971,22804.0,1,0,2013-07-31,75,14,1,7,2,1,1,1,2,0,2,9,0,0,0,0,0,0,3,11,0,False,False,True,False,False,False,False,False,False,True,False,False,False,26,4,266.66666666666663
7411,1964,31686.0,1,1,2014-06-05,31,11,0,5,0,0,1,2,1,0,3,6,0,0,0,0,0,0,3,11,0,False,False,False,False,True,False,False,False,True,False,False,False,False,17,4,266.66666666666663
10236,1975,31160.0,1,0,2013-09-16,59,16,3,25,6,1,13,2,2,0,3,8,0,0,0,0,0,0,3,11,0,False,False,False,True,False,False,False,False,False,True,False,False,False,64,5,266.66666666666663
6340,1985,29938.0,1,0,2013-10-27,52,3,3,7,0,2,11,2,1,0,3,6,0,0,0,0,0,0,3,11,0,False,False,True,False,False,False,False,False,False,True,False,False,False,26,4,266.66666666666663
2227,1958,26490.0,0,0,2012-09-22,92,45,47,52,21,20,25,2,3,1,5,6,0,0,0,0,0,0,3,11,0,True,False,False,False,False,False,False,False,False,False,True,False,False,210,9,266.66666666666663
10992,1967,75702.0,1,1,2012-08-29,77,650,28,353,45,42,30,5,4,6,11,8,0,0,0,0,0,0,3,11,0,False,False,True,False,False,False,False,False,False,False,True,False,False,1148,21,266.66666666666663
5304,1974,30899.0,1,0,2012-10-13,35,24,0,8,0,0,1,2,1,0,3,6,0,0,0,0,0,0,3,11,0,False,False,False,False,True,False,False,False,False,True,False,False,False,33,4,266.66666666666663
3406,1964,45989.0,0,1,2012-10-22,97,138,33,87,28,24,12,4,3,2,7,3,0,0,0,0,0,0,3,11,0,False,False,True,False,False,False,False,False,False,True,False,False,False,322,12,266.66666666666663
2661,1964,18701.0,1,1,2013-06-04,95,12,4,2,10,6,10,4,2,0,4,5,0,0,0,0,0,0,3,11,0,False,False,True,False,False,False,False,False,False,True,False,False,False,44,6,266.66666666666663
3153,1957,40737.0,2,1,2013-12-08,24,11,0,4,0,0,2,1,1,0,2,8,0,0,0,0,0,0,3,11,0,False,False,False,False,True,False,False,False,False,True,False,False,False,17,3,266.66666666666663
1184,1968,69674.0,0,2,2013-05-22,46,554,41,215,11,0,24,3,10,2,10,5,0,0,0,0,0,0,3,11,0,False,False,False,False,True,False,False,True,False,False,False,False,False,845,22,266.66666666666663
4200,1970,44159.0,1,0,2014-06-17,85,167,2,62,24,13,7,4,4,1,6,5,0,0,0,0,0,0,3,11,0,False,False,False,True,False,False,False,False,True,False,False,False,False,275,11,266.66666666666663
9396,1978,37717.0,1,0,2012-11-23,31,9,0,6,4,1,5,1,1,0,2,9,0,0,0,0,0,0,3,11,0,False,False,False,False,True,False,False,False,True,False,False,False,False,25,3,266.66666666666663
6690,1966,38179.0,1,1,2013-03-14,30,38,4,22,4,2,20,4,3,1,3,7,0,0,0,0,0,0,3,11,0,False,False,False,True,False,False,False,False,True,False,False,False,False,90,7,266.66666666666663
4557,1970,22070.0,1,0,2013-10-04,11,10,7,19,8,2,21,2,2,2,2,6,0,0,0,0,0,0,3,11,0,False,False,True,False,False,False,False,False,False,False,True,False,False,67,6,266.66666666666663
3066,1975,61905.0,0,1,2014-02-04,2,167,0,43,6,2,13,2,4,2,4,5,0,0,0,0,0,0,3,11,0,False,False,False,False,True,False,False,False,False,False,True,False,False,231,10,266.66666666666663
6336,1960,29315.0,1,1,2014-04-06,55,13,2,14,8,7,4,4,2,0,4,6,0,0,0,0,0,0,3,11,0,False,False,True,False,False,False,False,False,True,False,False,False,False,48,6,266.66666666666663
10967,1963,33378.0,1,1,2013-02-06,38,33,6,40,3,7,10,3,2,0,4,7,0,0,0,0,0,0,3,11,0,False,False,True,False,False,False,False,True,False,False,False,False,False,99,6,266.66666666666663
2304,1963,66313.0,0,1,2013-09-16,86,625,7,99,10,22,7,2,6,3,12,4,0,0,0,0,0,0,3,11,0,False,False,False,False,True,False,False,False,False,False,True,False,False,770,21,266.66666666666663
4669,1981,24480.0,1,0,2013-02-11,46,4,19,9,28,25,17,3,3,0,4,7,0,0,0,0,0,0,3,11,0,False,True,False,False,False,False,False,False,True,False,False,False,False,102,7,266.66666666666663
1672,1974,65640.0,0,1,2014-03-01,74,204,7,149,20,15,66,1,5,1,8,2,0,0,0,0,0,0,3,11,0,False,False,False,False,True,False,False,False,False,False,True,False,False,461,14,266.66666666666663
8962,1975,44319.0,1,1,2014-04-17,18,26,0,8,0,0,3,2,2,0,3,5,0,0,0,0,0,0,3,11,0,False,False,False,True,False,False,False,False,True,False,False,False,False,37,5,266.66666666666663
9974,1974,30631.0,1,0,2013-07-12,75,15,6,20,4,5,20,1,3,1,2,7,0,0,0,0,0,0,3,11,0,False,False,True,False,False,False,False,False,True,False,False,False,False,70,6,266.66666666666663
4697,1949,35416.0,0,0,2013-06-13,62,248,3,81,4,3,51,3,7,1,5,8,0,0,0,0,0,0,3,11,0,False,False,False,True,False,False,False,True,False,False,False,False,False,390,13,266.66666666666663
7254,1969,38361.0,1,0,2013-12-27,74,39,0,56,20,8,14,3,3,1,3,7,0,0,0,0,0,0,3,11,0,False,False,True,False,False,False,False,False,False,False,True,False,False,137,7,266.66666666666663
4927,1971,16626.0,2,0,2014-01-15,76,8,3,22,21,1,13,3,3,0,3,9,0,0,0,0,0,0,3,11,0,False,False,True,False,False,False,False,False,False,False,True,False,False,68,6,266.66666666666663
10451,1965,29672.0,1,1,2013-03-12,6,9,1,3,0,4,8,1,0,0,3,6,0,0,0,0,0,0,3,11,0,False,False,True,False,False,False,False,False,False,False,True,False,False,25,3,266.66666666666663
2874,1988,35388.0,1,0,2013-03-07,20,6,4,7,4,3,8,1,1,0,3,7,0,0,0,0,0,0,3,11,0,True,False,False,False,False,False,False,True,False,False,False,False,False,32,4,266.66666666666663
9738,1986,42386.0,1,0,2013-01-13,43,65,4,16,0,4,11,1,3,0,3,8,0,0,0,0,0,0,3,11,0,False,False,False,True,False,False,False,False,False,False,True,False,False,100,6,266.66666666666663
7119,1982,68627.0,0,0,2013-01-12,45,395,15,263,60,54,38,1,2,3,6,1,0,0,0,0,0,0,3,11,0,False,False,True,False,False,False,False,False,False,True,False,False,False,825,11,266.66666666666663
5827,1958,35246.0,1,1,2014-04-16,53,36,0,12,2,2,10,4,3,1,3,5,0,0,0,0,0,0,3,11,0,False,False,True,False,False,False,False,True,False,False,False,False,False,62,7,266.66666666666663
5596,1956,58821.0,0,1,2013-10-12,44,513,14,154,19,0,28,1,9,2,9,6,0,0,0,0,0,0,3,11,0,True,False,False,False,False,False,False,False,False,False,True,False,False,728,20,266.66666666666663
10812,1978,46377.0,1,0,2014-03-01,89,37,0,46,4,3,0,1,2,1,3,4,0,0,0,0,0,0,3,11,0,False,False,False,False,True,False,False,False,True,False,False,False,False,90,6,266.66666666666663
1717,1988,39747.0,1,0,2014-04-13,43,80,15,93,20,13,52,3,5,1,4,8,0,0,0,0,0,0,3,11,0,False,False,True,False,False,False,False,False,False,True,False,False,False,273,10,266.66666666666663
9491,1984,23976.0,1,0,2013-12-27,68,14,1,21,2,3,25,3,3,1,3,7,0,0,0,0,0,0,3,11,0,False,False,True,False,False,False,False,False,False,False,True,False,False,66,7,266.66666666666663
1379,1992,42670.0,0,0,2013-04-27,12,154,2,46,20,4,15,1,4,2,4,4,0,0,0,0,0,0,3,11,0,False,False,False,True,False,False,False,False,False,False,True,False,False,241,10,266.66666666666663
10032,1976,12571.0,1,0,2014-01-18,86,3,5,14,2,12,17,4,3,1,3,6,0,0,0,0,0,0,3,11,0,False,False,True,False,False,False,False,True,False,False,False,False,False,53,7,266.66666666666663
2826,1967,22574.0,2,1,2013-10-28,28,25,0,8,2,0,2,2,2,0,3,7,0,0,0,0,0,0,3,11,0,False,False,True,False,False,False,False,False,True,False,False,False,False,37,5,266.66666666666663
3050,1966,54198.0,1,1,2013-12-17,13,185,0,28,3,2,17,6,3,1,6,4,0,0,0,0,0,0,3,11,0,False,False,True,False,False,False,False,False,True,False,False,False,False,235,10,266.66666666666663
231,1956,28839.0,1,1,2014-03-11,86,24,0,7,0,0,1,2,2,0,3,5,0,0,0,0,0,0,3,11,0,False,False,False,True,False,False,False,False,False,False,True,False,False,32,5,266.66666666666663
2392,1972,40321.0,1,1,2013-07-29,59,44,4,21,6,0,27,2,3,0,3,7,0,0,0,0,0,0,3,11,0,False,False,True,False,False,False,False,False,True,False,False,False,False,102,6,266.66666666666663
9478,1985,66503.0,1,0,2012-08-14,30,91,64,128,65,3,50,2,4,3,6,3,0,0,0,0,0,0,3,11,0,False,False,True,False,False,False,False,False,False,True,False,False,False,401,13,266.66666666666663
113,1951,30833.0,1,1,2013-07-16,33,11,0,7,3,1,6,2,1,0,3,5,0,0,0,0,0,0,3,11,0,False,False,True,False,False,False,False,False,True,False,False,False,False,28,4,266.66666666666663
1802,1971,64795.0,0,1,2013-01-17,23,412,5,119,38,29,77,3,3,3,12,2,0,0,0,0,0,0,3,11,0,False,False,True,False,False,False,False,False,True,False,False,False,False,680,18,266.66666666666663
520,1974,34421.0,1,0,2013-07-01,81,3,3,7,6,2,9,1,1,0,2,7,0,0,0,0,0,0,3,11,0,False,False,True,False,False,False,False,False,True,False,False,False,False,30,3,266.66666666666663
8275,1965,47025.0,1,1,2014-02-09,6,16,0,3,0,0,1,1,1,0,2,7,0,0,0,0,0,0,3,11,0,False,False,False,False,True,False,False,True,False,False,False,False,False,20,3,266.66666666666663
9750,1961,64325.0,0,1,2013-02-07,41,731,60,353,78,12,73,5,10,3,5,7,0,0,0,0,0,0,3,11,0,False,False,False,False,True,False,False,True,False,False,False,False,False,1307,18,266.66666666666663
2607,1953,40464.0,0,1,2013-01-11,78,424,17,118,7,23,41,6,8,2,8,8,0,0,0,0,0,0,3,11,0,False,False,True,False,False,False,False,False,False,True,False,False,False,630,18,266.66666666666663
7214,1957,62187.0,0,0,2013-07-05,49,792,0,275,45,45,126,1,4,8,5,3,0,0,0,0,0,0,3,11,0,False,False,True,False,False,False,False,False,True,False,False,False,False,1283,17,266.66666666666663
5835,1976,14849.0,1,0,2013-07-02,39,21,2,28,3,2,9,3,2,0,4,8,0,0,0,0,0,0,3,11,0,False,False,False,False,True,False,False,True,False,False,False,False,False,65,6,266.66666666666663
3896,1984,27255.0,1,0,2013-11-07,3,22,1,11,0,1,2,1,1,0,3,7,0,0,0,0,0,0,3,11,0,False,False,True,False,False,False,False,False,True,False,False,False,False,37,4,266.66666666666663
10350,1950,54432.0,2,1,2013-05-09,37,33,0,5,0,0,0,1,1,0,3,4,0,0,0,0,0,0,3,11,0,False,False,False,False,True,False,False,False,True,False,False,False,False,38,4,266.66666666666663
7786,1986,29999.0,1,0,2013-02-13,22,68,7,59,10,5,11,4,3,1,4,8,0,0,0,0,0,0,3,11,0,False,False,False,False,True,False,False,False,False,True,False,False,False,160,8,266.66666666666663
2861,1983,24072.0,1,0,2013-04-16,79,9,1,6,3,0,4,1,1,0,2,8,0,0,0,0,0,0,3,11,0,False,False,True,False,False,False,False,False,False,True,False,False,False,23,3,266.66666666666663
663,1989,33996.0,0,0,2013-09-11,46,40,2,15,8,0,6,1,1,1,3,4,0,0,0,0,0,0,3,11,0,False,False,False,False,True,False,False,False,False,True,False,False,False,71,5,266.66666666666663
9592,1983,22010.0,1,0,2013-06-30,51,11,2,9,3,0,8,2,2,0,3,8,0,0,0,0,0,0,3,11,0,False,False,True,False,False,False,False,False,False,False,True,False,False,33,5,266.66666666666663
4099,1972,30675.0,1,0,2012-11-12,14,10,2,16,11,2,21,1,1,0,3,8,0,0,0,0,0,0,3,11,0,False,False,True,False,False,False,False,False,True,False,False,False,False,62,4,266.66666666666663
11191,1986,41411.0,0,0,2013-12-07,11,37,32,38,11,3,18,1,2,1,4,6,0,0,0,0,0,0,3,11,0,False,False,True,False,False,False,False,True,False,False,False,False,False,139,7,266.66666666666663
6245,1950,59292.0,0,1,2013-06-13,71,378,14,68,19,14,14,2,3,5,8,3,0,0,0,0,0,0,3,11,0,False,False,False,False,True,False,False,False,False,False,True,False,False,507,16,266.66666666666663
8553,1965,44300.0,1,1,2013-06-23,65,30,0,9,0,0,3,2,1,0,3,6,0,0,0,0,0,0,3,11,0,False,False,True,False,False,False,False,False,True,False,False,False,False,42,4,266.66666666666663
8842,1971,30372.0,1,1,2012-12-25,33,15,0,12,7,3,7,3,2,0,3,7,0,0,0,0,0,0,3,11,0,False,False,True,False,False,False,False,False,False,False,False,True,False,44,5,266.66666666666663
2579,1957,71113.0,0,1,2013-12-17,95,495,33,255,11,33,8,4,6,7,9,4,0,0,0,0,0,0,3,11,0,False,False,True,False,False,False,False,False,True,False,False,False,False,835,22,266.66666666666663
9365,1976,60000.0,0,1,2012-12-22,57,1048,0,217,0,0,12,5,11,3,5,6,0,0,0,0,0,0,3,11,0,False,False,False,False,True,False,False,False,False,True,False,False,False,1277,19,266.66666666666663
4107,1948,46681.0,0,2,2013-10-08,52,269,15,69,15,19,38,2,4,6,4,5,0,0,0,0,0,0,3,11,0,False,False,False,False,True,False,False,False,False,False,True,False,False,425,14,266.66666666666663
9336,1969,62187.0,0,1,2014-03-22,38,512,0,83,0,0,41,3,6,2,10,4,0,0,0,0,0,0,3,11,0,False,False,False,False,True,False,False,False,False,False,False,True,False,636,18,266.66666666666663
2958,1978,28442.0,2,0,2014-02-24,53,19,3,10,11,8,6,3,2,1,4,4,0,0,0,0,0,0,3,11,0,False,False,True,False,False,False,False,False,True,False,False,False,False,57,7,266.66666666666663
933,1978,37717.0,1,0,2012-11-23,31,9,0,6,4,1,5,1,1,0,2,9,0,0,0,0,0,0,3,11,0,False,False,False,False,True,False,False,False,True,False,False,False,False,25,3,266.66666666666663
4432,1976,31615.0,1,0,2013-03-16,82,2,3,20,6,11,9,2,2,0,3,7,0,0,0,0,0,0,3,11,0,False,False,True,False,False,False,False,True,False,False,False,False,False,51,5,266.66666666666663
2928,1975,52614.0,0,1,2012-12-01,63,789,0,142,12,9,38,2,2,4,8,8,0,0,0,0,0,0,3,11,0,False,False,False,False,True,False,False,False,False,True,False,False,False,990,14,266.66666666666663
5680,1984,35684.0,1,0,2014-04-22,66,10,4,7,0,6,3,1,1,0,3,6,0,0,0,0,0,0,3,11,0,True,False,False,False,False,False,False,False,True,False,False,False,False,30,4,266.66666666666663
10313,1975,48178.0,1,1,2012-10-28,69,159,4,45,6,2,38,6,5,1,4,8,0,0,0,0,0,0,3,11,0,False,False,True,False,False,False,False,False,True,False,False,False,False,254,10,266.66666666666663
10703,1975,46098.0,1,1,2012-08-18,86,57,0,27,0,0,36,4,3,2,2,8,0,0,0,0,0,0,3,11,0,False,False,False,True,False,False,False,False,False,True,False,False,False,120,7,266.66666666666663
4459,1989,30279.0,1,0,2012-12-30,13,10,4,14,4,4,1,1,1,0,3,8,0,0,0,0,0,0,3,11,0,False,False,True,False,False,False,False,False,False,True,False,False,False,37,4,266.66666666666663
1517,1969,30822.0,1,0,2013-06-14,92,3,9,13,2,12,12,1,1,0,3,7,0,0,0,0,0,0,3,11,0,False,False,True,False,False,False,False,False,False,True,False,False,False,51,4,266.66666666666663
2098,1969,33581.0,2,0,2013-01-08,38,11,0,5,0,0,1,1,1,0,2,8,0,0,0,0,0,0,3,11,0,False,False,False,False,True,False,False,False,True,False,False,False,False,17,3,266.66666666666663
9543,1985,19986.0,1,0,2013-11-14,74,3,6,5,0,2,6,1,0,0,3,7,0,0,0,0,0,0,3,11,0,False,False,True,False,False,False,False,False,True,False,False,False,False,22,3,266.66666666666663
6878,1954,27421.0,0,0,2012-12-12,14,43,12,96,78,40,55,3,4,1,6,7,0,0,0,0,0,0,3,11,0,False,False,True,False,False,False,False,False,False,False,False,True,False,324,11,266.66666666666663
2724,1981,36143.0,1,0,2014-03-30,33,12,0,1,0,0,6,1,0,1,2,3,0,0,0,0,0,0,3,11,0,False,False,False,True,False,False,False,False,False,True,False,False,False,19,3,266.66666666666663
948,1971,10245.0,1,0,2013-05-15,32,4,7,7,6,4,13,3,1,2,2,5,0,0,0,0,0,0,3,11,0,False,False,True,False,False,False,False,False,False,True,False,False,False,41,5,266.66666666666663
2066,1949,38823.0,0,1,2012-08-30,56,70,0,11,2,8,23,1,2,1,3,6,0,0,0,0,0,0,3,11,0,False,False,True,False,False,False,False,False,False,False,True,False,False,114,6,266.66666666666663
9799,1968,83664.0,1,1,2013-05-08,57,866,21,151,28,21,86,3,2,2,12,5,0,0,0,0,0,0,3,11,0,False,False,False,False,True,False,False,True,False,False,False,False,False,1173,16,266.66666666666663
5642,1979,62499.0,1,0,2013-12-09,0,140,4,61,0,13,4,2,3,1,6,4,0,0,0,0,0,0,3,11,0,False,False,False,True,False,False,False,False,False,False,True,False,False,222,10,266.66666666666663
455,1946,51012.0,0,0,2013-04-18,86,102,9,63,2,9,24,1,4,1,4,6,0,0,0,0,0,0,3,11,0,False,False,False,False,True,False,False,False,True,False,False,False,False,209,9,266.66666666666663
7683,1968,70777.0,0,1,2014-02-25,80,554,35,113,0,7,78,3,5,3,12,3,0,0,0,0,0,0,3,11,0,False,False,False,True,False,False,False,False,True,False,False,False,False,787,20,266.66666666666663
3428,1991,68682.0,0,0,2013-10-06,56,919,0,505,99,30,45,1,4,9,10,2,0,0,0,0,0,0,3,11,0,False,False,False,False,True,False,False,False,False,False,True,False,False,1598,23,266.66666666666663
7414,1971,43824.0,1,1,2012-09-15,18,96,1,42,12,3,32,4,3,1,4,8,0,0,0,0,0,0,3,11,0,False,False,True,False,False,False,False,False,True,False,False,False,False,186,8,266.66666666666663
798,1987,23442.0,1,0,2012-12-24,71,2,0,6,8,6,5,1,1,0,3,7,0,0,0,0,0,0,3,11,0,False,False,True,False,False,False,False,False,False,True,False,False,False,27,4,266.66666666666663
2488,1956,31395.0,1,1,2013-03-23,80,23,1,25,0,8,7,4,2,1,3,6,0,0,0,0,0,0,3,11,0,True,False,False,False,False,False,False,True,False,False,False,False,False,64,6,266.66666666666663
7617,1974,42373.0,1,1,2013-08-15,83,67,5,61,3,8,19,5,2,1,5,5,0,0,0,0,0,0,3,11,0,False,False,True,False,False,False,False,False,False,True,False,False,False,163,8,266.66666666666663
615,1960,30507.0,0,0,2013-03-11,29,65,36,74,38,20,110,1,5,1,4,7,0,0,0,0,0,0,3,11,0,False,False,True,False,False,False,False,False,False,False,True,False,False,343,10,266.66666666666663
194,1965,48006.0,1,1,2014-06-09,55,23,0,11,3,2,2,1,1,0,3,6,0,0,0,0,0,0,3,11,0,False,False,True,False,False,False,False,False,True,False,False,False,False,41,4,266.66666666666663
8890,1971,65808.0,1,1,2014-05-30,1,155,7,80,13,7,10,3,5,1,5,6,0,0,0,0,0,0,3,11,0,False,False,False,False,True,False,False,True,False,False,False,False,False,272,11,266.66666666666663
5049,1974,30351.0,1,0,2013-06-06,19,14,0,24,3,3,2,1,3,0,2,9,0,0,0,0,0,0,3,11,0,False,False,False,False,True,False,False,False,False,False,True,False,False,46,5,266.66666666666663
9973,1963,50437.0,0,2,2012-10-17,28,370,9,92,6,9,4,3,7,1,8,7,0,0,0,0,0,0,3,11,0,False,False,True,False,False,False,False,False,True,False,False,False,False,490,16,266.66666666666663
7422,1987,46923.0,1,0,2012-08-22,90,85,44,54,102,78,6,3,5,1,7,7,0,0,0,0,0,0,3,11,0,False,False,True,False,False,False,False,False,False,True,False,False,False,369,13,266.66666666666663
3523,1962,75072.0,0,1,2013-01-23,83,583,34,309,0,22,125,2,5,4,8,3,0,0,0,0,0,0,3,11,0,False,False,True,False,False,False,False,False,False,False,True,False,False,1073,17,266.66666666666663
5929,1973,37401.0,1,0,2014-05-06,14,19,3,19,3,1,3,2,2,0,3,7,0,0,0,0,0,0,3,11,0,False,False,False,False,True,False,False,False,True,False,False,False,False,48,5,266.66666666666663
3129,1983,30096.0,1,0,2014-05-22,30,5,3,11,12,5,9,1,2,0,3,6,0,0,0,0,0,0,3,11,0,False,False,True,False,False,False,False,False,True,False,False,False,False,45,5,266.66666666666663
6528,1982,18492.0,1,0,2014-06-05,75,2,2,2,2,1,1,1,1,0,2,8,0,0,0,0,0,0,3,11,0,False,False,False,True,False,False,False,False,False,False,True,False,False,10,3,266.66666666666663
7284,1953,48686.0,1,2,2013-12-04,8,10,0,7,2,0,1,1,1,0,2,8,0,0,0,0,0,0,3,11,0,False,False,True,False,False,False,False,False,True,False,False,False,False,20,3,266.66666666666663
5987,1989,10404.0,1,0,2014-05-04,52,2,2,11,10,6,12,2,1,0,4,5,0,0,0,0,0,0,3,11,0,True,False,False,False,False,False,False,False,False,False,True,False,False,43,5,266.66666666666663
6694,1964,75236.0,0,1,2013-11-25,27,438,66,400,12,38,114,1,8,3,13,4,0,0,0,0,0,0,3,11,0,False,False,True,False,False,False,False,False,True,False,False,False,False,1068,24,266.66666666666663
498,1970,30015.0,1,0,2014-02-02,28,25,0,22,2,3,5,2,1,0,4,5,0,0,0,0,0,0,3,11,0,False,False,True,False,False,False,False,False,False,True,False,False,False,57,5,266.66666666666663
9347,1956,50943.0,0,1,2013-06-21,49,31,0,7,2,0,6,1,1,0,3,5,0,0,0,0,0,0,3,11,0,False,False,False,True,False,False,False,False,False,False,True,False,False,46,4,266.66666666666663
9699,1966,67272.0,0,1,2013-12-21,12,357,35,271,28,28,14,3,6,2,12,5,0,0,0,0,0,0,3,11,0,False,False,True,False,False,False,False,True,False,False,False,False,False,733,20,266.66666666666663
10664,1949,51529.0,0,1,2013-09-07,14,400,4,35,6,0,22,2,9,1,5,8,0,0,0,0,0,0,3,11,0,False,False,False,True,False,False,False,False,False,False,False,True,False,467,15,266.66666666666663
5455,1971,32011.0,1,0,2013-08-22,89,99,0,15,2,1,5,3,2,1,4,7,0,0,0,0,0,0,3,11,0,False,False,False,False,True,False,False,False,True,False,False,False,False,122,7,266.66666666666663
456,1986,7500.0,1,0,2013-02-07,96,1,11,5,4,6,9,2,2,0,3,8,0,0,0,0,0,0,3,11,0,True,False,False,False,False,False,False,False,True,False,False,False,False,36,5,266.66666666666663
5012,1989,28691.0,1,0,2013-07-04,56,5,4,13,8,0,4,1,1,0,3,8,0,0,0,0,0,0,3,11,0,False,False,True,False,False,False,False,False,True,False,False,False,False,34,4,266.66666666666663
7495,1948,56223.0,0,1,2013-12-20,72,77,28,31,16,0,4,2,2,1,5,4,0,0,0,0,0,0,3,11,0,False,False,False,False,True,False,False,False,True,False,False,False,False,156,8,266.66666666666663
5029,1946,18100.0,0,0,2013-08-06,14,3,1,2,4,3,1,1,0,0,3,5,0,0,0,0,0,0,3,11,0,False,False,True,False,False,False,False,False,True,False,False,False,False,14,3,266.66666666666663
10642,1989,30279.0,1,0,2012-12-30,13,10,4,14,4,4,1,1,1,0,3,8,0,0,0,0,0,0,3,11,0,False,False,True,False,False,False,False,False,False,True,False,False,False,37,4,266.66666666666663
2106,1974,20130.0,0,0,2014-03-17,99,0,6,3,7,6,12,1,1,0,3,8,0,0,0,0,0,0,3,11,0,True,False,False,False,False,False,False,False,True,False,False,False,False,34,4,266.66666666666663
10364,1959,23295.0,0,0,2013-07-13,72,0,0,1,2,12,5,1,1,0,2,8,0,0,0,0,0,0,3,11,0,False,False,True,False,False,False,False,True,False,False,False,False,False,20,3,266.66666666666663
5954,1972,42618.0,1,0,2013-10-09,92,76,14,74,13,5,10,2,5,0,4,8,0,0,0,0,0,0,3,11,0,False,False,False,True,False,False,False,True,False,False,False,False,False,192,9,266.66666666666663
2541,1976,24027.0,1,0,2013-06-09,7,14,7,11,11,0,5,2,2,0,3,8,0,0,0,0,0,0,3,11,0,False,False,True,False,False,False,False,False,True,False,False,False,False,48,5,266.66666666666663
1142,1953,55707.0,0,1,2013-12-22,91,208,7,82,30,66,35,2,3,2,9,3,0,0,0,0,0,0,3,11,0,False,False,False,False,True,False,False,False,True,False,False,False,False,428,14,266.66666666666663
2276,1955,57959.0,0,1,2013-05-02,71,430,16,322,43,24,33,5,4,7,11,3,0,0,0,0,0,0,3,11,0,False,False,True,False,False,False,False,False,False,True,False,False,False,868,22,266.66666666666663
2807,1969,56796.0,0,1,2013-02-16,24,656,38,161,62,47,37,3,8,9,7,7,0,0,0,0,0,0,3,11,0,False,False,True,False,False,False,False,False,True,False,False,False,False,1001,24,266.66666666666663
6471,1971,36230.0,1,0,2013-10-17,17,14,2,30,8,2,3,1,2,0,4,5,0,0,0,0,0,0,3,11,0,False,False,False,True,False,False,False,False,False,True,False,False,False,59,6,266.66666666666663
6131,1980,70829.0,1,1,2013-12-01,87,141,70,106,72,19,23,2,4,2,8,3,0,0,0,0,0,0,3,11,0,True,False,False,False,False,False,False,False,True,False,False,False,False,431,14,266.66666666666663
6233,1976,65991.0,0,1,2012-09-07,21,507,19,364,25,47,9,3,9,5,10,7,0,0,0,0,0,0,3,11,0,False,False,True,False,False,False,False,False,True,False,False,False,False,971,24,266.66666666666663
7540,1952,50300.0,0,1,2014-05-25,52,143,15,60,24,23,5,2,2,1,8,2,0,0,0,0,0,0,3,11,0,False,False,True,False,False,False,False,False,True,False,False,False,False,270,11,266.66666666666663
8594,1958,50520.0,0,1,2014-01-28,25,112,0,6,2,1,14,2,3,1,3,6,0,0,0,0,0,0,3,11,0,False,False,False,False,True,False,False,False,False,False,False,True,False,135,7,266.66666666666663
2815,1975,33183.0,1,0,2014-02-24,46,7,5,39,17,15,37,2,4,0,3,7,0,0,0,0,0,0,3,11,0,False,False,True,False,False,False,False,False,True,False,False,False,False,120,7,266.66666666666663
2416,1969,66582.0,0,0,2014-03-03,83,789,25,420,16,38,0,1,2,8,9,1,0,0,0,0,0,0,3,11,0,False,False,False,False,True,False,False,False,False,True,False,False,False,1288,19,266.66666666666663
9213,1970,31880.0,1,0,2012-10-31,13,4,1,5,2,0,3,1,1,0,2,8,0,0,0,0,0,0,3,11,0,False,False,True,False,False,False,False,False,False,False,False,True,False,15,3,266.66666666666663
9697,1951,53790.0,0,2,2014-03-06,86,335,42,127,28,5,5,3,7,2,8,6,0,0,0,0,0,0,3,11,0,False,False,True,False,False,False,False,False,True,False,False,False,False,542,17,266.66666666666663
3916,1971,49269.0,1,0,2012-08-15,92,639,8,166,11,8,58,3,7,3,12,7,0,0,0,0,0,0,3,11,0,False,False,False,False,True,False,False,False,False,False,True,False,False,890,22,266.66666666666663
6619,1978,38415.0,1,1,2013-01-02,91,22,1,13,4,0,4,2,1,0,3,7,0,0,0,0,0,0,3,11,0,False,False,True,False,False,False,False,False,True,False,False,False,False,44,4,266.66666666666663
9081,1988,20518.0,1,0,2014-05-18,58,4,1,6,4,1,9,1,1,1,2,5,0,0,0,0,0,0,3,11,0,False,False,True,False,False,False,False,False,False,True,False,False,False,25,4,266.66666666666663
178,1956,62503.0,0,1,2013-02-18,40,478,0,193,110,75,117,4,8,3,11,5,0,0,0,0,0,0,3,11,0,False,False,True,False,False,False,False,False,True,False,False,False,False,973,22,266.66666666666663
916,1972,41644.0,1,1,2014-05-09,67,20,3,4,2,0,2,2,1,0,3,3,0,0,0,0,0,0,3,11,0,False,False,False,False,True,False,False,False,False,True,False,False,False,31,4,266.66666666666663
5512,1977,55842.0,0,1,2014-05-23,19,451,0,39,0,4,24,1,7,1,8,5,0,0,0,0,0,0,3,11,0,False,False,False,True,False,False,False,False,True,False,False,False,False,518,16,266.66666666666663
8970,1972,62010.0,0,1,2012-10-23,93,371,22,39,6,0,92,4,6,2,7,5,0,0,0,0,0,0,3,11,0,False,False,False,False,True,False,False,False,True,False,False,False,False,530,15,266.66666666666663
5300,1973,38961.0,1,0,2013-12-30,60,19,7,19,0,1,24,1,2,1,2,7,0,0,0,0,0,0,3,11,0,False,False,False,True,False,False,False,False,True,False,False,False,False,70,5,266.66666666666663
5154,1972,37760.0,1,0,2013-08-11,54,26,3,13,2,10,0,1,2,0,3,6,0,0,0,0,0,0,3,11,0,False,False,False,True,False,False,False,True,False,False,False,False,False,54,5,266.66666666666663
1676,1975,43057.0,0,1,2013-10-30,30,213,2,44,0,2,5,4,4,2,5,5,0,0,0,0,0,0,3,11,0,False,False,True,False,False,False,False,False,True,False,False,False,False,266,11,266.66666666666663
9286,1960,83151.0,0,0,2012-10-10,93,407,28,100,120,74,18,1,5,9,4,3,0,0,0,0,0,0,3,11,0,False,False,False,True,False,False,False,False,False,False,True,False,False,747,18,266.66666666666663
5172,1976,65104.0,0,1,2013-11-14,4,738,0,232,13,20,50,2,3,5,7,7,0,0,0,0,0,0,3,11,0,False,False,False,True,False,False,False,False,False,False,True,False,False,1053,15,266.66666666666663
5562,1974,60093.0,0,1,2013-06-26,92,502,12,109,16,6,90,2,7,2,10,6,0,0,0,0,0,0,3,11,0,False,False,True,False,False,False,False,False,True,False,False,False,False,735,19,266.66666666666663
3436,1969,14045.0,1,0,2014-01-26,24,11,0,5,2,1,1,1,1,0,3,7,0,0,0,0,0,0,3,11,0,False,False,True,False,False,False,False,False,True,False,False,False,False,20,4,266.66666666666663
3921,1952,28457.0,0,0,2012-10-28,96,24,1,108,29,29,14,1,4,1,4,8,0,0,0,0,0,0,3,11,0,True,False,False,False,False,False,False,False,False,False,False,True,False,205,9,266.66666666666663
22,1976,46310.0,1,0,2012-12-03,99,185,2,88,15,5,14,2,6,1,5,8,0,0,0,0,0,0,3,11,0,False,False,True,False,False,False,False,True,False,False,False,False,False,309,12,266.66666666666663
3136,1962,59432.0,0,1,2013-04-13,88,317,25,265,25,19,12,3,5,3,11,5,0,0,0,0,0,0,3,11,0,False,False,False,True,False,False,False,True,False,False,False,False,False,663,19,266.66666666666663
8737,1978,55563.0,0,1,2014-04-05,22,29,1,9,2,0,2,1,2,0,3,3,0,0,0,0,0,0,3,11,0,False,False,True,False,False,False,False,True,False,False,False,False,False,43,5,266.66666666666663
716,1949,67911.0,0,1,2014-05-22,63,529,0,356,63,28,0,3,6,7,11,3,0,0,0,0,0,0,3,11,0,False,False,False,False,True,False,False,False,False,False,True,False,False,976,24,266.66666666666663
466,1944,65275.0,0,0,2013-04-03,9,388,14,218,91,14,21,1,4,3,13,2,0,0,0,0,0,0,3,11,0,False,False,True,False,False,False,False,False,True,False,False,False,False,746,20,266.66666666666663
9135,1950,27203.0,1,1,2012-08-06,92,13,2,21,4,0,24,2,1,1,2,8,0,0,0,0,0,0,3,11,0,False,False,True,False,False,False,False,False,False,False,True,False,False,64,4,266.66666666666663
10623,1961,48330.0,0,1,2013-11-15,2,28,0,4,0,0,0,1,1,0,3,5,0,0,0,0,0,0,3,11,0,False,False,False,True,False,False,False,False,False,False,True,False,False,32,4,266.66666666666663
8151,1990,24279.0,0,0,2012-12-29,6,16,36,21,20,62,108,1,4,1,3,8,0,0,0,0,0,0,3,11,0,False,True,False,False,False,False,False,False,True,False,False,False,False,263,8,266.66666666666663
10160,1956,50943.0,0,1,2013-06-21,49,31,0,7,2,0,6,1,1,0,3,5,0,0,0,0,0,0,3,11,0,False,False,False,True,False,False,False,False,False,False,True,False,False,46,4,266.66666666666663
4945,1953,53653.0,0,0,2012-11-07,29,815,10,239,28,10,108,2,10,4,12,6,0,0,0,0,0,0,3,11,0,False,False,True,False,False,False,False,False,False,False,False,True,False,1210,26,266.66666666666663
3386,1992,34935.0,0,0,2013-06-21,71,34,4,66,3,10,20,1,2,1,4,7,0,0,0,0,0,0,3,11,0,False,False,True,False,False,False,False,False,True,False,False,False,False,137,7,266.66666666666663
182,1946,44124.0,0,1,2013-05-11,62,284,0,55,0,6,52,4,6,2,5,8,0,0,0,0,0,0,3,11,0,False,False,False,False,True,False,False,False,False,False,True,False,False,397,13,266.66666666666663
11025,1961,36443.0,1,1,2013-02-03,9,65,0,46,4,3,20,4,3,1,3,8,0,0,0,0,0,0,3,11,0,False,False,True,False,False,False,False,False,True,False,False,False,False,138,7,266.66666666666663
10203,1990,26095.0,1,0,2013-06-30,77,11,7,9,3,1,11,1,1,0,3,7,0,0,0,0,0,0,3,11,0,False,False,True,False,False,False,False,False,False,True,False,False,False,42,4,266.66666666666663
4607,1959,71367.0,0,0,2013-08-23,24,227,23,389,42,21,75,1,4,5,7,2,0,0,0,0,0,0,3,11,0,False,False,True,False,False,False,False,False,False,False,True,False,False,777,16,266.66666666666663
3696,1965,30630.0,1,1,2014-01-27,67,27,1,12,2,0,10,2,2,0,3,7,0,0,0,0,0,0,3,11,0,False,False,True,False,False,False,False,True,False,False,False,False,False,52,5,266.66666666666663
9214,1991,42691.0,0,0,2013-08-16,48,179,2,64,38,17,58,1,5,1,6,5,0,0,0,0,0,0,3,11,0,False,False,True,False,False,False,False,False,True,False,False,False,False,358,12,266.66666666666663
2258,1986,32880.0,1,0,2012-12-04,76,8,4,15,7,6,2,1,1,0,3,8,0,0,0,0,0,0,3,11,0,False,False,True,False,False,False,False,False,True,False,False,False,False,42,4,266.66666666666663
4322,1958,77863.0,0,0,2013-11-27,20,881,38,319,16,25,12,1,4,5,10,2,0,0,0,0,0,0,3,11,0,False,False,False,False,True,False,False,False,False,False,True,False,False,1291,19,266.66666666666663
713,1977,50353.0,0,0,2014-06-08,72,141,15,153,67,31,35,1,4,4,6,3,0,0,0,0,0,0,3,11,0,False,False,False,True,False,False,False,False,True,False,False,False,False,442,14,266.66666666666663
3281,1960,49154.0,1,1,2013-11-03,69,206,10,67,30,27,71,6,4,1,8,6,0,0,0,0,0,0,3,11,0,False,False,False,False,True,False,False,False,True,False,False,False,False,411,13,266.66666666666663
702,1975,47682.0,0,1,2013-02-15,80,162,61,83,97,57,61,4,4,3,8,5,0,0,0,0,0,0,3,11,0,True,False,False,False,False,False,False,False,False,False,False,True,False,521,15,266.66666666666663
4437,1962,65316.0,1,1,2013-04-24,65,112,6,92,3,9,38,2,3,2,5,4,0,0,0,0,0,0,3,11,0,False,False,True,False,False,False,False,False,True,False,False,False,False,260,10,266.66666666666663
8724,1982,28567.0,1,0,2013-06-17,57,11,3,22,2,2,6,2,2,0,3,6,0,0,0,0,0,0,3,11,0,False,False,True,False,False,False,False,False,False,True,False,False,False,46,5,266.66666666666663
10741,1951,47352.0,0,1,2013-04-11,70,172,12,112,8,0,15,4,6,1,5,7,0,0,0,0,0,0,3,11,0,False,False,False,True,False,False,False,False,False,False,True,False,False,319,12,266.66666666666663
1991,1967,44931.0,0,1,2014-01-18,0,78,0,11,0,0,7,1,2,1,3,5,0,0,0,0,0,0,3,11,0,False,False,True,False,False,False,False,False,False,False,True,False,False,96,6,266.66666666666663
11096,1952,57247.0,0,1,2013-08-08,50,99,4,32,37,54,6,2,2,1,7,2,0,0,0,0,0,0,3,11,0,True,False,False,False,False,False,False,False,False,False,True,False,False,232,10,266.66666666666663
304,1981,22944.0,1,0,2013-12-23,67,19,3,19,4,5,26,3,3,0,3,7,0,0,0,0,0,0,3,11,0,False,False,False,True,False,False,False,False,False,True,False,False,False,76,6,266.66666666666663
3665,1977,25315.0,1,0,2013-11-07,46,1,9,8,11,3,22,3,3,0,3,8,0,0,0,0,0,0,3,11,0,True,False,False,False,False,False,False,False,False,False,True,False,False,54,6,266.66666666666663
10591,1969,43638.0,0,1,2012-08-06,37,63,10,83,7,19,19,2,4,1,4,7,0,0,0,0,0,0,3,11,0,False,False,True,False,False,False,False,False,False,False,False,True,False,201,9,266.66666666666663
5036,1984,42710.0,1,0,2012-11-28,38,252,3,42,4,3,102,2,4,5,3,6,0,0,0,0,0,0,3,11,0,False,False,False,False,True,False,False,False,False,True,False,False,False,406,12,266.66666666666663
8541,1990,24683.0,1,0,2014-03-08,98,8,4,10,6,7,6,2,2,0,4,5,0,0,0,0,0,0,3,11,0,True,False,False,False,False,False,False,False,True,False,False,False,False,41,6,266.66666666666663
4368,1980,47850.0,1,0,2013-12-03,72,42,7,43,20,12,10,1,3,0,4,6,0,0,0,0,0,0,3,11,0,False,False,True,False,False,False,False,False,True,False,False,False,False,134,7,266.66666666666663
2256,1973,27159.0,1,1,2014-03-29,33,17,0,3,0,0,1,2,1,0,3,6,0,0,0,0,0,0,3,11,0,False,False,False,True,False,False,False,False,True,False,False,False,False,21,4,266.66666666666663
4279,1963,39548.0,1,1,2014-03-31,87,15,4,10,3,4,18,2,1,1,3,3,0,0,0,0,0,0,3,11,0,True,False,False,False,False,False,False,False,False,True,False,False,False,54,5,266.66666666666663
9240,1971,60504.0,0,1,2014-02-07,73,458,0,24,6,4,34,2,6,2,8,6,0,0,0,0,0,0,3,11,0,False,False,False,False,True,False,False,False,False,True,False,False,False,526,16,266.66666666666663
9460,1963,22419.0,0,0,2013-04-18,74,30,3,47,19,21,42,1,3,2,2,8,0,0,0,0,0,0,3,11,0,False,False,True,False,False,False,False,False,True,False,False,False,False,162,7,266.66666666666663
8692,1952,43462.0,1,1,2012-09-12,50,90,17,97,15,6,15,6,4,1,5,8,0,0,0,0,0,0,3,11,0,False,False,True,False,False,False,False,False,False,False,True,False,False,240,10,266.66666666666663
8420,1970,15315.0,0,0,2013-08-03,27,7,4,13,15,8,17,2,2,0,4,5,0,0,0,0,0,0,3,11,0,True,False,False,False,False,False,False,False,True,False,False,False,False,64,6,266.66666666666663
7685,1978,33039.0,1,0,2013-09-09,4,30,8,12,8,8,12,1,2,0,4,5,0,0,0,0,0,0,3,11,0,False,False,True,False,False,False,False,False,True,False,False,False,False,78,6,266.66666666666663
10232,1963,48799.0,0,1,2013-11-05,9,174,18,81,28,6,24,3,3,2,7,3,0,0,0,0,0,0,3,11,0,False,False,False,False,True,False,False,True,False,False,False,False,False,331,12,266.66666666666663
4184,1950,52157.0,0,1,2014-06-07,48,189,2,29,3,2,40,2,3,2,5,4,0,0,0,0,0,0,3,11,0,False,False,False,False,True,False,False,False,False,False,True,False,False,265,10,266.66666666666663
9120,1962,66565.0,0,1,2012-12-05,80,747,10,161,65,40,42,4,4,2,9,8,0,0,0,0,0,0,3,11,0,False,False,True,False,False,False,False,False,False,True,False,False,False,1065,15,266.66666666666663
891,1951,29298.0,1,1,2013-09-07,60,6,0,2,2,0,1,1,1,0,2,5,0,0,0,0,0,0,3,11,0,False,False,False,True,False,False,False,False,False,False,True,False,False,11,3,266.66666666666663
10381,1979,47691.0,0,1,2013-07-05,43,14,0,3,0,0,4,1,1,0,2,6,0,0,0,0,0,0,3,11,0,False,False,True,False,False,False,False,False,False,True,False,False,False,21,3,266.66666666666663
3525,1970,38200.0,1,1,2012-12-07,19,12,0,4,0,0,1,1,1,0,2,7,0,0,0,0,0,0,3,11,0,False,False,True,False,False,False,False,False,False,False,True,False,False,17,3,266.66666666666663
6818,1974,44989.0,0,1,2012-09-12,26,98,0,106,49,10,106,5,5,1,5,6,0,0,0,0,0,0,3,11,0,False,False,True,False,False,False,False,False,True,False,False,False,False,369,11,266.66666666666663
3526,1968,38443.0,1,1,2014-01-27,58,32,0,5,0,0,1,2,1,0,3,7,0,0,0,0,0,0,3,11,0,False,False,False,False,True,False,False,False,True,False,False,False,False,38,4,266.66666666666663
8181,1978,38593.0,1,0,2013-09-13,42,51,12,49,17,24,24,3,4,1,3,8,0,0,0,0,0,0,3,11,0,True,False,False,False,False,False,False,False,False,True,False,False,False,177,8,266.66666666666663
1029,1970,64413.0,0,1,2013-08-01,27,200,5,44,0,10,20,1,5,1,5,5,0,0,0,0,0,0,3,11,0,False,False,False,False,True,False,False,False,False,False,True,False,False,279,11,266.66666666666663
7369,1981,36959.0,1,0,2013-10-02,56,25,6,25,6,0,0,2,2,0,3,8,0,0,0,0,0,0,3,11,0,False,False,False,True,False,False,False,False,True,False,False,False,False,62,5,266.66666666666663
8159,1968,51287.0,1,1,2014-04-01,10,117,0,22,13,0,30,3,4,1,3,7,0,0,0,0,0,0,3,11,0,False,False,True,False,False,False,False,False,True,False,False,False,False,182,8,266.66666666666663
1160,1970,13260.0,1,1,2013-08-23,48,9,4,17,10,2,7,4,3,0,3,8,0,0,0,0,0,0,3,11,0,False,False,True,False,False,False,False,False,True,False,False,False,False,49,6,266.66666666666663
10242,1966,47472.0,1,1,2013-09-16,39,56,0,11,0,0,8,2,2,0,4,5,0,0,0,0,0,0,3,11,0,False,False,False,False,True,False,False,False,False,False,True,False,False,75,6,266.66666666666663
5253,1956,54603.0,1,1,2013-07-09,85,145,13,46,17,2,4,6,4,2,4,7,0,0,0,0,0,0,3,11,0,False,False,False,True,False,False,False,False,False,False,True,False,False,227,10,266.66666666666663
5081,1967,47821.0,1,1,2013-10-20,54,9,0,16,6,6,10,1,1,0,3,8,0,0,0,0,0,0,3,11,0,True,False,False,False,False,False,False,False,False,False,True,False,False,47,4,266.66666666666663
5123,1951,27450.0,0,0,2013-04-15,57,37,12,23,8,11,52,1,2,1,3,7,0,0,0,0,0,0,3,11,0,False,False,False,True,False,False,False,False,True,False,False,False,False,143,6,266.66666666666663
5756,1983,39453.0,1,0,2014-04-03,64,46,0,7,0,0,2,2,2,0,3,6,0,0,0,0,0,0,3,11,0,False,False,True,False,False,False,False,False,False,False,True,False,False,55,5,266.66666666666663
8036,1971,26850.0,1,1,2014-04-18,10,31,1,13,7,2,9,4,2,1,4,4,0,0,0,0,0,0,3,11,0,True,False,False,False,False,False,False,False,False,False,True,False,False,63,7,266.66666666666663
5057,1961,61794.0,0,1,2013-09-14,74,264,47,188,54,47,11,2,4,4,10,2,0,0,0,0,0,0,3,11,0,False,False,False,True,False,False,False,False,True,False,False,False,False,611,18,266.66666666666663
4179,1959,24221.0,0,0,2013-08-20,94,8,9,9,2,5,22,1,1,1,3,4,0,0,0,0,0,0,3,11,0,False,False,True,False,False,False,False,False,False,False,True,False,False,55,5,266.66666666666663
6424,1977,33178.0,1,0,2014-01-30,9,12,6,2,11,2,16,1,1,0,3,4,0,0,0,0,0,0,3,11,0,False,False,True,False,False,False,False,False,False,False,True,False,False,49,4,266.66666666666663
3075,1972,59973.0,0,0,2013-09-11,47,130,30,168,20,34,0,1,3,4,7,1,0,0,0,0,0,0,3,11,0,False,False,False,False,True,False,False,False,True,False,False,False,False,382,14,266.66666666666663
5252,1969,23910.0,1,0,2012-10-26,80,16,12,18,7,1,13,1,2,0,3,7,0,0,0,0,0,0,3,11,0,False,False,True,False,False,False,False,True,False,False,False,False,False,67,5,266.66666666666663
7444,1969,42169.0,1,1,2013-10-19,20,19,0,9,0,0,2,2,1,0,3,8,0,0,0,0,0,0,3,11,0,False,False,False,True,False,False,False,False,True,False,False,False,False,30,4,266.66666666666663
6919,1978,26224.0,1,0,2013-06-04,39,4,7,15,13,9,15,3,2,1,3,6,0,0,0,0,0,0,3,11,0,True,False,False,False,False,False,False,False,True,False,False,False,False,63,6,266.66666666666663
3537,1981,31089.0,1,0,2012-08-17,57,31,3,31,2,8,4,3,3,0,4,8,0,0,0,0,0,0,3,11,0,False,False,True,False,False,False,False,False,False,False,True,False,False,79,7,266.66666666666663
10277,1961,30081.0,0,1,2013-02-21,27,36,0,2,0,0,4,1,1,0,3,7,0,0,0,0,0,0,3,11,0,False,False,True,False,False,False,False,False,False,True,False,False,False,42,4,266.66666666666663
2453,1960,62807.0,0,1,2012-08-31,83,526,28,135,10,21,99,3,5,3,12,5,0,0,0,0,0,0,3,11,0,False,False,True,False,False,False,False,False,False,False,True,False,False,819,20,266.66666666666663
7972,1955,72906.0,0,0,2013-09-17,79,400,32,519,71,75,54,1,3,4,9,1,0,0,0,0,0,0,3,11,0,False,False,True,False,False,False,False,False,False,True,False,False,False,1151,16,266.66666666666663
895,1948,61467.0,0,2,2012-12-09,69,410,16,114,0,5,49,3,5,2,10,5,0,0,0,0,0,0,3,11,0,False,False,False,False,True,False,False,False,True,False,False,False,False,594,17,266.66666666666663
1177,1966,49618.0,1,1,2013-01-26,77,80,3,26,4,2,14,4,3,1,3,7,0,0,0,0,0,0,3,11,0,False,False,False,True,False,False,False,False,False,False,True,False,False,129,7,266.66666666666663
7232,1973,42429.0,0,1,2014-02-11,99,55,0,6,2,0,4,2,1,1,3,5,0,0,0,0,0,0,3,11,0,False,False,True,False,False,False,False,False,False,False,False,True,False,67,5,266.66666666666663
8477,1956,26150.0,2,1,2013-03-11,61,5,1,13,3,5,1,1,1,0,3,7,0,0,0,0,0,0,3,11,0,False,False,True,False,False,False,False,True,False,False,False,False,False,28,4,266.66666666666663
2457,1975,30801.0,0,1,2012-10-26,23,8,4,5,15,2,11,2,1,0,3,7,0,0,0,0,0,0,3,11,0,False,True,False,False,False,False,False,False,True,False,False,False,False,45,4,266.66666666666663
7930,1969,26877.0,0,0,2013-08-19,74,101,13,76,20,18,40,2,3,1,6,6,0,0,0,0,0,0,3,11,0,False,False,False,True,False,False,False,False,False,True,False,False,False,268,10,266.66666666666663
4587,1944,45006.0,0,0,2013-07-18,90,162,25,53,16,0,10,1,3,1,7,3,0,0,0,0,0,0,3,11,0,False,False,False,True,False,False,False,False,False,False,False,True,False,266,11,266.66666666666663
6682,1973,18978.0,1,0,2012-12-11,41,2,8,1,4,7,15,1,1,0,3,8,0,0,0,0,0,0,3,11,0,False,True,False,False,False,False,False,False,True,False,False,False,False,37,4,266.66666666666663
6222,1967,22574.0,2,1,2013-10-28,28,25,0,8,2,0,2,2,2,0,3,7,0,0,0,0,0,0,3,11,0,False,False,True,False,False,False,False,False,True,False,False,False,False,37,5,266.66666666666663
3083,1974,45837.0,1,1,2013-07-26,88,215,13,87,17,17,24,5,6,2,5,7,0,0,0,0,0,0,3,11,0,False,False,True,False,False,False,False,False,True,False,False,False,False,373,13,266.66666666666663
8953,1965,35791.0,2,1,2013-05-06,94,27,0,5,0,0,3,2,1,0,3,8,0,0,0,0,0,0,3,11,0,False,False,False,True,False,False,False,False,False,True,False,False,False,35,4,266.66666666666663
8650,1978,54162.0,1,1,2013-03-18,31,5,6,10,6,5,10,1,1,0,3,4,0,0,0,0,0,0,3,11,0,False,False,True,False,False,False,False,False,False,False,False,True,False,42,4,266.66666666666663
10862,1960,30522.0,0,1,2012-08-17,6,179,8,83,19,11,26,5,1,2,9,2,0,0,0,0,0,0,3,11,0,False,False,False,True,False,False,False,False,True,False,False,False,False,326,12,266.66666666666663
2782,1961,54456.0,0,1,2013-07-11,23,352,0,27,10,0,15,3,6,1,7,6,0,0,0,0,0,0,3,11,0,False,False,False,False,True,False,False,False,True,False,False,False,False,404,14,266.66666666666663
6941,1971,31632.0,0,0,2013-07-14,92,17,8,12,11,15,32,1,2,1,2,7,0,0,0,0,0,0,3,11,0,False,False,True,False,False,False,False,False,False,True,False,False,False,95,5,266.66666666666663
10708,1978,36975.0,1,0,2013-12-28,50,10,6,11,0,4,2,1,1,0,3,7,0,0,0,0,0,0,3,11,0,True,False,False,False,False,False,False,False,False,True,False,False,False,33,4,266.66666666666663
3641,1976,13624.0,1,0,2013-01-20,93,10,2,15,2,1,6,2,2,0,3,6,0,0,0,0,0,0,3,11,0,False,False,True,False,False,False,False,False,True,False,False,False,False,36,5,266.66666666666663
3469,1977,34487.0,1,1,2012-09-06,94,19,18,33,24,1,8,3,3,0,3,9,0,0,0,0,0,0,3,11,0,False,False,False,False,True,False,False,True,False,False,False,False,False,103,6,266.66666666666663
5063,1977,28769.0,1,0,2012-12-18,76,41,5,129,10,3,3,3,4,1,4,9,0,0,0,0,0,0,3,11,0,False,False,True,False,False,False,False,False,False,True,False,False,False,191,9,266.66666666666663
9624,1958,65488.0,0,0,2014-06-13,46,603,45,207,36,18,54,1,3,4,6,1,0,0,0,0,0,0,3,11,0,False,False,False,False,True,False,False,False,False,False,True,False,False,963,13,266.66666666666663
8461,1962,46102.0,2,1,2014-03-10,3,14,0,1,0,0,1,1,1,0,2,7,0,0,0,0,0,0,3,11,0,False,False,True,False,False,False,False,True,False,False,False,False,False,16,3,266.66666666666663
3376,1970,55282.0,1,0,2013-12-13,9,125,6,73,8,4,19,1,3,1,6,4,0,0,0,0,0,0,3,11,0,False,False,False,True,False,False,False,True,False,False,False,False,False,235,10,266.66666666666663
4679,1977,78710.0,0,1,2014-05-23,42,721,0,152,119,50,50,3,7,6,12,4,0,0,0,0,0,0,3,11,0,False,False,False,True,False,False,False,False,True,False,False,False,False,1092,25,266.66666666666663
6728,1985,29103.0,1,0,2012-08-27,38,16,0,17,6,3,6,2,1,0,3,9,0,0,0,0,0,0,3,11,0,False,False,True,False,False,False,False,False,False,False,True,False,False,48,4,266.66666666666663
6661,1974,67445.0,0,1,2012-08-12,63,757,80,217,29,80,11,5,9,6,12,6,0,0,0,0,0,0,3,11,0,False,False,True,False,False,False,False,False,True,False,False,False,False,1174,27,266.66666666666663
4725,1950,50616.0,0,1,2014-04-13,71,30,2,25,0,1,9,1,1,1,4,2,0,0,0,0,0,0,3,11,0,False,False,False,False,True,False,False,False,False,False,True,False,False,67,6,266.66666666666663
3277,1955,49431.0,0,1,2012-08-03,9,219,3,100,26,0,17,2,7,1,5,8,0,0,0,0,0,0,3,11,0,False,False,True,False,False,False,False,True,False,False,False,False,False,365,13,266.66666666666663
2564,1953,61278.0,0,1,2014-01-04,87,111,3,28,2,6,15,2,3,1,4,6,0,0,0,0,0,0,3,11,0,False,False,True,False,False,False,False,False,False,False,True,False,False,165,8,266.66666666666663
946,1958,26490.0,0,0,2012-09-22,92,45,47,52,21,20,25,2,3,1,5,6,0,0,0,0,0,0,3,11,0,True,False,False,False,False,False,False,False,False,False,True,False,False,210,9,266.66666666666663
55,1963,56253.0,0,1,2012-12-07,83,509,0,65,7,11,5,4,7,2,9,6,0,0,0,0,0,0,3,11,0,False,False,True,False,False,False,False,False,False,False,True,False,False,597,18,266.66666666666663
7093,1985,19986.0,1,0,2013-11-14,74,3,6,5,0,2,6,1,0,0,3,7,0,0,0,0,0,0,3,11,0,False,False,True,False,False,False,False,False,True,False,False,False,False,22,3,266.66666666666663
1777,1980,25965.0,0,0,2012-09-07,29,2,2,11,41,7,11,1,2,0,3,8,0,0,0,0,0,0,3,11,0,False,True,False,False,False,False,False,False,True,False,False,False,False,74,5,266.66666666666663
8162,1956,14661.0,0,0,2013-01-01,88,4,1,11,6,2,2,1,1,0,3,6,0,0,0,0,0,0,3,11,0,False,False,False,True,False,False,False,False,False,False,True,False,False,26,4,266.66666666666663
10826,1959,18690.0,0,0,2012-12-28,77,6,1,7,23,4,19,1,1,1,2,8,0,0,0,0,0,0,3,11,0,False,False,True,False,False,False,False,False,True,False,False,False,False,60,4,266.66666666666663
8754,1974,45068.0,0,1,2013-05-16,25,14,0,3,0,0,3,1,1,0,2,7,0,0,0,0,0,0,3,11,0,False,False,False,False,True,False,False,False,False,False,True,False,False,20,3,266.66666666666663
1987,1987,21063.0,1,0,2013-09-25,34,1,10,11,19,3,15,2,2,0,3,6,0,0,0,0,0,0,3,11,0,False,True,False,False,False,False,False,False,False,True,False,False,False,59,5,266.66666666666663
11007,1968,29187.0,1,0,2013-05-09,43,26,0,6,0,0,2,1,1,0,3,8,0,0,0,0,0,0,3,11,0,False,False,False,False,True,False,False,False,True,False,False,False,False,34,4,266.66666666666663
7426,1971,54690.0,1,1,2013-11-07,76,111,16,37,7,9,18,3,3,1,5,3,0,0,0,0,0,0,3,11,0,True,False,False,False,False,False,False,False,True,False,False,False,False,198,9,266.66666666666663
9153,1964,59304.0,0,1,2013-07-29,81,418,61,428,80,51,10,3,7,8,10,5,0,0,0,0,0,0,3,11,0,False,False,False,False,True,False,False,False,True,False,False,False,False,1048,25,266.66666666666663
10379,1962,59247.0,0,2,2013-11-08,87,327,9,122,19,14,83,5,5,2,9,6,0,0,0,0,0,0,3,11,0,False,False,False,True,False,False,False,False,False,True,False,False,False,574,16,266.66666666666663
2920,1975,52614.0,0,1,2012-12-01,63,789,0,142,12,9,38,2,2,4,8,8,0,0,0,0,0,0,3,11,0,False,False,False,False,True,False,False,False,False,True,False,False,False,990,14,266.66666666666663
6961,1974,26751.0,2,0,2014-05-22,26,1,1,5,0,3,1,1,1,0,2,8,0,0,0,0,0,0,3,11,0,False,False,True,False,False,False,False,False,True,False,False,False,False,11,3,266.66666666666663
9937,1979,70337.0,0,0,2014-01-02,75,187,81,149,25,43,91,1,2,2,12,1,0,0,0,0,0,0,3,11,0,False,False,True,False,False,False,False,False,False,True,False,False,False,576,16,266.66666666666663
10120,1955,38946.0,0,1,2013-10-24,84,116,6,82,6,6,41,2,3,1,6,5,0,0,0,0,0,0,3,11,0,False,False,True,False,False,False,False,False,False,False,True,False,False,257,10,266.66666666666663
6327,1967,65777.0,0,0,2013-12-19,87,565,32,435,28,32,54,1,2,8,6,1,0,0,0,0,0,0,3,11,0,False,False,True,False,False,False,False,False,False,False,True,False,False,1146,16,266.66666666666663
10142,1976,66476.0,0,1,2013-03-07,99,372,18,126,47,48,78,2,5,2,11,4,0,0,0,0,0,0,3,11,0,False,False,False,False,True,False,False,True,False,False,False,False,False,689,18,266.66666666666663
143,1970,61209.0,0,0,2013-08-25,73,466,0,224,119,49,99,1,5,3,4,2,0,0,0,0,0,0,3,11,0,False,False,True,False,False,False,False,False,False,True,False,False,False,957,12,266.66666666666663
450,1958,42315.0,0,1,2013-07-12,90,67,15,80,17,11,80,3,1,4,4,3,0,0,0,0,0,0,3,11,0,False,False,False,True,False,False,False,False,False,False,True,False,False,270,9,266.66666666666663
9316,1952,13084.0,0,0,2013-11-02,29,2,0,7,3,7,10,1,1,0,3,6,0,0,0,0,0,0,3,11,0,False,True,False,False,False,False,False,False,False,False,True,False,False,29,4,266.66666666666663
9239,1961,61923.0,0,2,2013-07-26,94,92,4,18,3,3,6,1,2,1,4,3,0,0,0,0,0,0,3,11,0,False,False,False,True,False,False,False,False,True,False,False,False,False,126,7,266.66666666666663
8315,1995,34824.0,0,0,2014-03-26,65,4,2,11,2,0,4,1,1,0,2,6,0,0,0,0,0,0,3,11,0,False,False,True,False,False,False,False,False,False,True,False,False,False,23,3,266.66666666666663
9977,1973,78901.0,0,1,2013-09-17,99,321,11,309,33,26,34,3,9,3,5,4,0,0,0,0,0,0,3,11,0,False,False,True,False,False,False,False,True,False,False,False,False,False,734,17,266.66666666666663
968,1968,41335.0,1,0,2013-12-26,24,112,19,21,16,14,5,3,4,1,4,7,0,0,0,0,0,0,3,11,0,False,False,False,True,False,False,False,True,False,False,False,False,False,187,9,266.66666666666663
4472,1970,35682.0,1,0,2014-06-27,34,23,0,8,6,2,18,1,1,1,3,2,0,0,0,0,0,0,3,11,0,False,False,False,False,True,False,False,True,False,False,False,False,False,57,5,266.66666666666663
6991,1951,43185.0,0,1,2013-04-10,88,537,6,42,16,6,30,2,9,3,6,8,0,0,0,0,0,0,3,11,0,False,False,True,False,False,False,False,True,False,False,False,False,False,637,18,266.66666666666663
1940,1986,25252.0,1,0,2013-07-12,26,1,3,4,2,2,6,1,1,0,2,8,0,0,0,0,0,0,3,11,0,False,False,True,False,False,False,False,False,True,False,False,False,False,18,3,266.66666666666663
1272,1965,55250.0,0,1,2012-10-21,49,664,58,83,32,0,66,4,7,5,10,5,0,0,0,0,0,0,3,11,0,False,False,False,True,False,False,False,False,False,True,False,False,False,903,22,266.66666666666663
1388,1975,33249.0,1,0,2013-02-20,11,6,10,21,19,14,42,2,2,1,3,6,0,0,0,0,0,0,3,11,0,False,False,True,False,False,False,False,False,False,True,False,False,False,112,6,266.66666666666663
1044,1953,58398.0,0,0,2013-05-14,44,299,5,201,21,21,49,3,5,4,8,4,0,0,0,0,0,0,3,11,0,False,False,True,False,False,False,False,False,False,False,True,False,False,596,17,266.66666666666663
6969,1982,50272.0,1,0,2013-08-07,75,99,13,66,43,8,4,3,4,1,5,7,0,0,0,0,0,0,3,11,0,False,False,True,False,False,False,False,False,False,False,True,False,False,233,10,266.66666666666663
1715,1978,25851.0,1,0,2013-02-11,45,9,4,18,7,5,5,2,2,0,3,7,0,0,0,0,0,0,3,11,0,False,False,True,False,False,False,False,False,False,False,True,False,False,48,5,266.66666666666663
1463,1958,45160.0,1,1,2014-03-29,9,8,2,5,3,0,3,1,1,0,2,7,0,0,0,0,0,0,3,11,0,False,False,True,False,False,False,False,False,False,True,False,False,False,21,3,266.66666666666663
5114,1965,74806.0,0,1,2012-12-19,1,670,9,249,0,28,9,2,5,4,5,4,0,0,0,0,0,0,3,11,0,False,False,False,True,False,False,False,False,True,False,False,False,False,965,14,266.66666666666663
4329,1984,18988.0,1,0,2014-05-23,43,6,0,6,2,1,1,2,1,0,3,7,0,0,0,0,0,0,3,11,0,False,False,False,False,True,False,False,False,True,False,False,False,False,16,4,266.66666666666663
7212,1966,44794.0,0,1,2014-06-08,99,54,0,7,0,0,4,1,2,0,3,6,0,0,0,0,0,0,3,11,0,False,False,True,False,False,False,False,False,True,False,False,False,False,65,5,266.66666666666663
5329,1949,35946.0,1,1,2013-09-27,24,8,0,3,0,0,0,1,0,0,3,5,0,0,0,0,0,0,3,11,0,False,False,False,False,True,False,False,True,False,False,False,False,False,11,3,266.66666666666663
5956,1948,45072.0,1,2,2013-10-16,74,144,2,99,7,2,30,5,6,1,4,8,0,0,0,0,0,0,3,11,0,False,False,False,False,True,False,False,True,False,False,False,False,False,284,11,266.66666666666663
6255,1952,70545.0,0,1,2014-06-03,29,138,39,63,55,18,21,1,4,1,7,2,0,0,0,0,0,0,3,11,0,False,False,False,True,False,False,False,False,False,False,True,False,False,334,12,266.66666666666663
6516,1989,17487.0,1,0,2013-03-18,37,0,0,1,7,4,6,1,1,0,2,7,0,0,0,0,0,0,3,11,0,False,True,False,False,False,False,False,False,True,False,False,False,False,18,3,266.66666666666663
5682,1953,64108.0,0,1,2013-03-23,8,948,10,86,13,21,21,4,6,9,11,5,0,0,0,0,0,0,3,11,0,False,False,False,False,True,False,False,False,False,True,False,False,False,1099,26,266.66666666666663
7458,1956,34941.0,1,1,2013-03-06,26,39,2,25,4,3,24,2,3,0,3,8,0,0,0,0,0,0,3,11,0,False,False,False,True,False,False,False,False,False,False,True,False,False,97,6,266.66666666666663
5237,1950,48767.0,1,2,2014-01-01,79,28,1,21,3,0,10,3,2,1,3,5,0,0,0,0,0,0,3,11,0,False,False,False,False,True,False,False,False,False,True,False,False,False,63,6,266.66666666666663
7761,1978,38702.0,1,0,2013-08-01,71,13,11,24,13,8,40,2,3,0,4,6,0,0,0,0,0,0,3,11,0,True,False,False,False,False,False,False,False,False,False,True,False,False,109,7,266.66666666666663
7235,1975,17003.0,1,0,2013-12-09,37,2,5,12,4,8,7,3,2,0,4,5,0,0,0,0,0,0,3,11,0,True,False,False,False,False,False,False,False,True,False,False,False,False,38,6,266.66666666666663
7938,1958,51518.0,0,1,2013-10-03,92,350,8,66,17,4,4,2,3,2,10,3,0,0,0,0,0,0,3,11,0,False,False,False,False,True,False,False,False,False,False,True,False,False,449,15,266.66666666666663
10470,1979,40662.0,1,0,2013-03-15,0,40,2,23,0,4,23,2,2,1,3,4,0,0,0,0,0,0,3,11,0,False,False,False,True,False,False,False,False,True,False,False,False,False,92,6,266.66666666666663
6488,1959,38829.0,0,1,2014-04-06,86,76,0,7,0,0,16,1,3,2,2,5,0,0,0,0,0,0,3,11,0,False,False,False,False,True,False,False,False,True,False,False,False,False,99,7,266.66666666666663
10270,1981,35523.0,1,0,2013-10-03,8,11,5,22,12,5,11,2,3,0,3,7,0,0,0,0,0,0,3,11,0,True,False,False,False,False,False,False,False,True,False,False,False,False,66,6,266.66666666666663
6887,1967,79146.0,1,1,2014-04-24,33,245,16,223,21,43,16,2,8,1,8,6,0,0,0,0,0,0,3,11,0,False,False,True,False,False,False,False,False,False,True,False,False,False,564,17,266.66666666666663
221,1955,48726.0,0,1,2013-04-27,90,138,3,38,4,0,59,3,3,2,4,6,0,0,0,0,0,0,3,11,0,False,False,True,False,False,False,False,False,True,False,False,False,False,242,9,266.66666666666663
20,1965,46891.0,0,1,2013-09-01,91,43,12,23,29,15,61,1,2,1,4,4,0,0,0,0,0,0,3,11,0,True,False,False,False,False,False,False,False,True,False,False,False,False,183,7,266.66666666666663
8786,1956,62058.0,0,1,2013-05-26,52,301,7,74,10,0,58,4,6,1,7,6,0,0,0,0,0,0,3,11,0,False,False,False,True,False,False,False,False,True,False,False,False,False,450,14,266.66666666666663
10582,1979,72063.0,0,1,2013-07-03,3,180,32,348,76,32,90,2,5,2,12,2,0,0,0,0,0,0,3,11,0,False,False,True,False,False,False,False,False,True,False,False,False,False,758,19,266.66666666666663
2371,1972,33622.0,1,1,2013-04-13,22,39,1,22,3,4,12,3,2,0,4,7,0,0,0,0,0,0,3,11,0,False,False,True,False,False,False,False,False,True,False,False,False,False,81,6,266.66666666666663
6825,1953,41452.0,1,1,2013-03-06,86,13,0,3,0,0,0,1,1,0,2,7,0,0,0,0,0,0,3,11,0,False,False,True,False,False,False,False,False,False,False,True,False,False,16,3,266.66666666666663
1072,1965,40760.0,0,1,2013-08-30,64,70,0,17,0,0,6,2,2,1,3,6,0,0,0,0,0,0,3,11,0,False,False,False,False,True,False,False,False,False,True,False,False,False,93,6,266.66666666666663
2461,1955,51124.0,1,1,2013-12-18,79,26,1,11,0,1,4,2,1,0,3,3,0,0,0,0,0,0,3,11,0,False,False,False,True,False,False,False,False,False,True,False,False,False,43,4,266.66666666666663
10839,1976,36283.0,1,1,2014-04-14,42,6,5,5,8,0,5,2,1,0,3,4,0,0,0,0,0,0,3,11,0,False,False,True,False,False,False,False,False,False,False,True,False,False,29,4,266.66666666666663
49,1970,20587.0,1,0,2014-05-11,39,2,3,6,4,1,9,1,1,1,2,7,0,0,0,0,0,0,3,11,0,False,False,True,False,False,False,False,False,False,True,False,False,False,25,4,266.66666666666663
4290,1972,30467.0,1,0,2014-03-19,8,1,3,8,2,5,5,1,1,0,2,7,0,0,0,0,0,0,3,11,0,False,False,True,False,False,False,False,False,True,False,False,False,False,24,3,266.66666666666663
10219,1972,31590.0,1,0,2013-06-18,40,6,2,15,6,6,3,1,1,0,3,8,0,0,0,0,0,0,3,11,0,False,False,True,False,False,False,False,False,False,False,True,False,False,38,4,266.66666666666663
4211,1986,20425.0,1,0,2012-10-29,5,4,12,5,3,16,17,2,2,0,3,7,0,0,0,0,0,0,3,11,0,False,True,False,False,False,False,False,False,True,False,False,False,False,57,5,266.66666666666663
1135,1960,17144.0,1,1,2014-02-15,96,18,2,19,0,2,6,5,3,0,4,7,0,0,0,0,0,0,3,11,0,False,False,False,True,False,False,False,False,False,False,True,False,False,47,7,266.66666666666663
347,1976,40780.0,0,1,2012-09-08,30,229,27,71,13,3,34,4,7,1,5,9,0,0,0,0,0,0,3,11,0,False,False,True,False,False,False,False,True,False,False,False,False,False,377,13,266.66666666666663
11075,1978,51267.0,1,1,2013-10-29,37,183,2,64,7,2,12,4,3,3,5,4,0,0,0,0,0,0,3,11,0,False,False,True,False,False,False,False,False,True,False,False,False,False,270,11,266.66666666666663
4442,1961,46524.0,0,1,2013-04-05,70,31,19,35,26,14,52,2,1,1,5,3,0,0,0,0,0,0,3,11,0,False,False,True,False,False,False,False,False,False,True,False,False,False,177,7,266.66666666666663
6722,1954,70421.0,0,1,2014-06-28,98,479,28,136,75,14,35,3,10,3,7,6,0,0,0,0,0,0,3,11,0,False,False,False,False,True,False,False,False,True,False,False,False,False,767,20,266.66666666666663
8523,1968,19329.0,1,0,2013-12-14,39,24,1,16,12,2,5,3,4,0,3,8,0,0,0,0,0,0,3,11,0,False,False,True,False,False,False,False,False,True,False,False,False,False,60,7,266.66666666666663
310,1970,61872.0,0,1,2013-12-13,81,330,5,159,36,27,16,4,4,4,9,4,0,0,0,0,0,0,3,11,0,False,False,False,True,False,False,False,False,True,False,False,False,False,573,17,266.66666666666663
8629,1956,46984.0,1,1,2013-03-26,71,19,1,10,2,1,8,1,1,0,3,5,0,0,0,0,0,0,3,11,0,False,False,True,False,False,False,False,False,False,False,False,True,False,41,4,266.66666666666663
236,1951,34838.0,1,1,2013-01-19,62,28,23,29,29,14,47,3,2,1,4,6,0,0,0,0,0,0,3,11,0,False,False,True,False,False,False,False,False,True,False,False,False,False,170,7,266.66666666666663
4599,1976,49681.0,0,2,2013-11-04,66,411,0,26,0,0,21,6,7,1,7,7,0,0,0,0,0,0,3,11,0,False,False,False,True,False,False,False,False,True,False,False,False,False,458,15,266.66666666666663
7326,1971,56850.0,0,1,2014-03-23,83,34,1,19,2,7,0,1,1,1,3,2,0,0,0,0,0,0,3,11,0,False,False,False,True,False,False,False,False,True,False,False,False,False,63,5,266.66666666666663
7352,1957,55267.0,0,1,2013-10-21,28,161,28,136,32,3,45,4,3,4,6,3,0,0,0,0,0,0,3,11,0,False,False,True,False,False,False,False,False,True,False,False,False,False,405,13,266.66666666666663
2964,1981,26872.0,0,0,2013-10-16,0,3,10,8,3,16,32,1,1,1,2,6,0,0,0,0,0,0,3,11,0,False,False,True,False,False,False,False,False,True,False,False,False,False,72,4,266.66666666666663
3732,1955,52750.0,0,1,2013-02-04,72,393,0,239,90,69,69,6,5,7,9,4,0,0,0,0,0,0,3,11,0,False,False,False,True,False,False,False,False,True,False,False,False,False,860,21,266.66666666666663
11176,1970,65968.0,0,1,2014-05-12,12,376,9,83,19,4,4,2,5,4,7,3,0,0,0,0,0,0,3,11,0,False,False,False,False,True,False,False,False,False,False,True,False,False,495,16,266.66666666666663
2986,1976,30772.0,1,1,2014-03-12,89,7,2,4,2,1,4,1,1,0,2,6,0,0,0,0,0,0,3,11,0,False,False,True,False,False,False,False,False,True,False,False,False,False,20,3,266.66666666666663
3900,1972,65685.0,0,1,2014-03-29,54,642,14,49,0,7,57,1,9,2,9,5,0,0,0,0,0,0,3,11,0,False,False,True,False,False,False,False,False,True,False,False,False,False,769,20,266.66666666666663
7034,1978,25804.0,1,0,2013-09-01,34,8,7,9,13,6,12,2,2,0,3,8,0,0,0,0,0,0,3,11,0,True,False,False,False,False,False,False,False,True,False,False,False,False,55,5,266.66666666666663
1143,1972,22063.0,1,0,2013-08-08,43,7,10,13,3,11,11,2,2,0,3,7,0,0,0,0,0,0,3,11,0,False,False,True,False,False,False,False,False,True,False,False,False,False,55,5,266.66666666666663
3855,1963,22419.0,0,0,2013-04-18,74,30,3,47,19,21,42,1,3,2,2,8,0,0,0,0,0,0,3,11,0,False,False,True,False,False,False,False,False,True,False,False,False,False,162,7,266.66666666666663
6768,1962,37859.0,1,2,2013-01-12,75,22,1,8,2,1,2,2,1,0,3,8,0,0,0,0,0,0,3,11,0,False,False,True,False,False,False,False,True,False,False,False,False,False,36,4,266.66666666666663
2150,1958,80995.0,0,1,2013-05-11,83,860,28,409,73,56,56,1,8,9,4,4,0,0,0,0,0,0,3,11,0,False,False,False,False,True,False,False,False,False,False,False,True,False,1482,21,266.66666666666663
6646,1984,16529.0,1,0,2014-03-01,23,3,0,5,13,0,1,1,1,0,3,6,0,0,0,0,0,0,3,11,0,False,False,True,False,False,False,False,False,False,False,True,False,False,22,4,266.66666666666663
4887,1976,55412.0,1,1,2013-11-22,65,10,5,28,11,1,8,1,2,0,3,5,0,0,0,0,0,0,3,11,0,False,False,False,False,True,False,False,True,False,False,False,False,False,63,5,266.66666666666663
3321,1967,56575.0,0,2,2013-05-05,42,421,5,90,0,16,10,3,7,3,7,5,0,0,0,0,0,0,3,11,0,False,False,False,False,True,False,False,False,False,False,True,False,False,542,17,266.66666666666663
11003,1980,25130.0,1,0,2013-10-02,10,2,5,7,0,18,18,2,2,0,3,7,0,0,0,0,0,0,3,11,0,True,False,False,False,False,False,False,False,False,False,True,False,False,50,5,266.66666666666663
10402,1967,35441.0,1,1,2013-02-14,94,25,1,9,2,1,1,2,1,0,3,8,0,0,0,0,0,0,3,11,0,False,False,True,False,False,False,False,False,True,False,False,False,False,39,4,266.66666666666663
6141,1972,49494.0,1,0,2013-04-25,46,191,9,97,0,6,82,2,6,1,5,7,0,0,0,0,0,0,3,11,0,False,False,False,True,False,False,False,False,False,True,False,False,False,385,12,266.66666666666663
10856,1980,45889.0,0,1,2013-07-02,42,31,0,6,0,1,8,1,1,0,3,6,0,0,0,0,0,0,3,11,0,True,False,False,False,False,False,False,False,False,True,False,False,False,46,4,266.66666666666663
4186,1950,34026.0,1,1,2013-08-05,11,18,6,15,12,8,17,3,2,1,3,5,0,0,0,0,0,0,3,11,0,False,False,True,False,False,False,False,False,False,False,True,False,False,76,6,266.66666666666663
368,1974,40049.0,0,1,2012-11-29,61,91,65,52,10,44,28,3,3,2,6,5,0,0,0,0,0,0,3,11,0,False,False,True,False,False,False,False,False,True,False,False,False,False,290,11,266.66666666666663
3312,1988,34176.0,1,0,2014-05-12,12,5,7,24,19,14,20,4,3,0,4,6,0,0,0,0,0,0,3,11,0,False,False,True,False,False,False,False,False,False,True,False,False,False,89,7,266.66666666666663
11121,1981,19419.0,1,0,2012-11-10,76,2,14,28,16,3,7,4,4,0,3,9,0,0,0,0,0,0,3,11,0,False,False,True,False,False,False,False,False,True,False,False,False,False,70,7,266.66666666666663
5935,1956,55284.0,0,1,2012-12-24,60,547,7,140,0,7,63,3,7,5,8,5,0,0,0,0,0,0,3,11,0,False,False,False,True,False,False,False,False,False,True,False,False,False,764,20,266.66666666666663
2895,1963,49980.0,0,1,2013-10-23,79,104,1,54,13,9,14,2,3,1,5,5,0,0,0,0,0,0,3,11,0,False,False,True,False,False,False,False,False,False,True,False,False,False,195,9,266.66666666666663
10262,1980,15072.0,2,0,2013-05-10,96,8,2,15,0,10,18,4,3,1,3,5,0,0,0,0,0,0,3,11,0,False,False,True,False,False,False,False,False,True,False,False,False,False,53,7,266.66666666666663
7848,1974,49166.0,0,1,2013-06-13,17,224,2,25,7,0,110,2,5,3,3,6,0,0,0,0,0,0,3,11,0,False,False,True,False,False,False,False,False,False,True,False,False,False,368,11,266.66666666666663
9477,1954,65324.0,0,1,2014-01-11,0,384,0,102,21,32,5,3,6,2,9,4,0,0,0,0,0,0,3,11,0,False,False,False,False,True,False,False,False,True,False,False,False,False,544,17,266.66666666666663
4877,1973,38576.0,0,1,2014-03-04,2,34,0,7,0,0,0,1,1,0,3,7,0,0,0,0,0,0,3,11,0,False,False,False,True,False,False,False,False,True,False,False,False,False,41,4,266.66666666666663
425,1985,55357.0,2,0,2013-02-19,66,374,64,116,84,25,64,3,6,2,11,5,0,0,0,0,0,0,3,11,0,False,False,True,False,False,False,False,False,True,False,False,False,False,727,19,266.66666666666663
3007,1966,37758.0,1,1,2012-10-04,49,27,2,10,0,0,1,2,1,0,3,8,0,0,0,0,0,0,3,11,0,False,False,True,False,False,False,False,False,False,False,True,False,False,40,4,266.66666666666663
4297,1969,23228.0,1,0,2014-01-26,71,13,2,18,6,1,0,2,2,0,3,8,0,0,0,0,0,0,3,11,0,False,False,True,False,False,False,False,False,False,False,True,False,False,40,5,266.66666666666663
807,1969,44602.0,1,1,2014-02-15,35,167,2,89,0,0,34,6,6,1,4,8,0,0,0,0,0,0,3,11,0,False,False,False,True,False,False,False,False,False,False,True,False,False,292,11,266.66666666666663
9553,1987,7500.0,0,0,2013-01-09,94,0,2,3,4,1,5,1,0,0,3,6,0,0,0,0,0,0,3,11,0,False,False,True,False,False,False,False,False,True,False,False,False,False,15,3,266.66666666666663
4271,1989,38683.0,1,0,2012-10-04,80,46,35,69,84,41,66,6,4,1,6,7,0,0,0,0,0,0,3,11,0,True,False,False,False,False,False,False,False,False,False,True,False,False,341,11,266.66666666666663
4120,1975,49514.0,1,0,2013-12-17,61,88,39,78,58,13,93,2,6,1,4,7,0,0,0,0,0,0,3,11,0,True,False,False,False,False,False,False,False,False,True,False,False,False,369,11,266.66666666666663
2036,1973,57906.0,0,1,2013-06-11,29,243,11,119,10,3,15,3,4,2,8,4,0,0,0,0,0,0,3,11,0,False,False,False,False,True,False,False,False,False,False,True,False,False,401,14,266.66666666666663
115,1966,43456.0,0,1,2013-03-26,0,275,11,68,25,7,7,3,5,1,8,5,0,0,0,0,0,0,3,11,0,False,False,False,True,False,False,False,False,False,True,False,False,False,393,14,266.66666666666663
4259,1986,19485.0,2,0,2013-09-24,80,6,0,4,0,0,0,1,1,0,2,7,0,0,0,0,0,0,3,11,0,False,False,False,True,False,False,False,False,False,True,False,False,False,10,3,266.66666666666663
8687,1978,53172.0,0,1,2013-05-06,54,121,62,90,68,20,125,3,2,3,8,3,0,0,0,0,0,0,3,11,0,False,False,True,False,False,False,False,False,False,False,True,False,False,486,13,266.66666666666663
2447,1979,30545.0,1,0,2012-10-17,71,4,12,15,19,7,12,2,2,0,3,7,0,0,0,0,0,0,3,11,0,False,False,True,False,False,False,False,False,False,False,True,False,False,69,5,266.66666666666663
3623,1976,21675.0,1,0,2014-06-11,55,4,0,16,17,4,4,3,4,0,3,7,0,0,0,0,0,0,3,11,0,False,False,True,False,False,False,False,False,False,False,True,False,False,45,7,266.66666666666663
738,1981,42395.0,1,1,2014-04-04,35,48,13,57,24,15,25,4,3,1,4,7,0,0,0,0,0,0,3,11,0,True,False,False,False,False,False,False,False,False,True,False,False,False,182,8,266.66666666666663
10602,1983,39922.0,1,0,2013-02-14,30,29,12,59,19,1,36,2,3,0,4,8,0,0,0,0,0,0,3,11,0,False,False,True,False,False,False,False,False,True,False,False,False,False,156,7,266.66666666666663
3270,1978,17117.0,1,0,2013-01-17,96,12,23,38,30,18,7,4,3,1,3,9,0,0,0,0,0,0,3,11,0,True,False,False,False,False,False,False,False,False,False,True,False,False,128,7,266.66666666666663
9653,1975,35797.0,0,1,2012-10-16,16,27,1,14,4,1,21,2,2,0,3,8,0,0,0,0,0,0,3,11,0,False,False,True,False,False,False,False,False,True,False,False,False,False,68,5,266.66666666666663
8916,1975,36627.0,2,0,2013-07-23,78,9,1,5,0,0,1,1,0,0,3,5,0,0,0,0,0,0,3,11,0,False,False,True,False,False,False,False,True,False,False,False,False,False,16,3,266.66666666666663
8017,1981,51111.0,1,1,2014-06-19,83,22,0,19,6,5,3,2,2,0,3,6,0,0,0,0,0,0,3,11,0,True,False,False,False,False,False,False,False,True,False,False,False,False,55,5,266.66666666666663
7023,1953,46231.0,2,1,2012-11-26,87,189,2,55,0,5,12,4,6,1,4,9,0,0,0,0,0,0,3,11,0,False,False,False,False,True,False,False,False,False,True,False,False,False,263,11,266.66666666666663
8086,1959,42243.0,1,1,2013-12-11,34,48,0,2,0,0,5,2,2,0,3,7,0,0,0,0,0,0,3,11,0,False,False,True,False,False,False,False,False,True,False,False,False,False,55,5,266.66666666666663
2930,1978,68092.0,0,0,2013-12-16,7,852,60,207,78,36,48,2,2,6,10,5,0,0,0,0,0,0,3,11,0,False,False,False,True,False,False,False,False,False,True,False,False,False,1281,18,266.66666666666663
7108,1965,51390.0,1,1,2012-09-08,54,205,20,47,23,2,56,6,5,2,5,5,0,0,0,0,0,0,3,11,0,False,False,False,True,False,False,False,False,False,False,False,True,False,353,12,266.66666666666663
9960,1991,26868.0,1,0,2014-04-30,52,0,0,1,8,3,2,1,1,0,2,7,0,0,0,0,0,0,3,11,0,False,True,False,False,False,False,False,False,False,True,False,False,False,14,3,266.66666666666663
7037,1974,37087.0,1,0,2013-08-11,50,194,55,134,15,0,3,3,4,2,8,6,0,0,0,0,0,0,3,11,0,False,False,False,False,True,False,False,False,True,False,False,False,False,401,14,266.66666666666663
905,1986,21846.0,1,0,2013-10-22,38,7,17,18,6,10,26,4,4,0,3,8,0,0,0,0,0,0,3,11,0,False,False,True,False,False,False,False,True,False,False,False,False,False,84,7,266.66666666666663
8945,1970,54137.0,0,1,2013-08-16,46,171,0,11,0,1,20,2,4,1,4,6,0,0,0,0,0,0,3,11,0,False,False,True,False,False,False,False,True,False,False,False,False,False,203,9,266.66666666666663
2727,1973,57100.0,0,0,2013-12-04,19,181,21,69,39,3,96,1,3,3,6,3,0,0,0,0,0,0,3,11,0,False,False,True,False,False,False,False,False,False,False,True,False,False,409,12,266.66666666666663
6404,1969,58917.0,1,2,2013-03-24,10,151,7,89,0,7,28,5,4,1,6,5,0,0,0,0,0,0,3,11,0,False,False,True,False,False,False,False,False,False,False,True,False,False,282,11,266.66666666666663
1968,1971,45684.0,1,0,2013-12-02,37,5,1,5,10,0,7,1,1,0,2,7,0,0,0,0,0,0,3,11,0,False,False,True,False,False,False,False,False,False,False,False,True,False,28,3,266.66666666666663
6534,1974,47889.0,1,0,2014-01-04,94,29,0,29,0,5,4,1,2,0,3,5,0,0,0,0,0,0,3,11,0,False,False,True,False,False,False,False,False,False,False,True,False,False,67,5,266.66666666666663
9485,1986,45921.0,0,0,2014-03-10,23,102,9,49,24,3,12,1,2,1,6,4,0,0,0,0,0,0,3,11,0,False,False,False,False,True,False,False,False,True,False,False,False,False,199,9,266.66666666666663
4654,1992,75114.0,0,0,2013-11-07,40,571,12,523,63,60,24,1,3,10,5,2,0,0,0,0,0,0,3,11,0,False,False,True,False,False,False,False,False,False,False,True,False,False,1253,18,266.66666666666663
10505,1960,73113.0,0,0,2013-12-26,86,741,19,154,50,9,28,1,3,4,7,2,0,0,0,0,0,0,3,11,0,False,False,False,True,False,False,False,False,False,False,True,False,False,1001,14,266.66666666666663
2625,1954,42607.0,0,1,2013-11-17,30,156,29,56,30,32,47,2,3,2,7,3,0,0,0,0,0,0,3,11,0,True,False,False,False,False,False,False,False,False,True,False,False,False,350,12,266.66666666666663
4988,1948,34469.0,1,1,2014-05-04,58,19,6,20,0,5,12,3,1,1,4,4,0,0,0,0,0,0,3,11,0,False,False,False,False,True,False,False,False,True,False,False,False,False,62,6,266.66666666666663
5871,1979,24401.0,0,0,2012-08-31,98,73,28,217,10,24,115,3,6,1,6,8,0,0,0,0,0,0,3,11,0,False,False,False,True,False,False,False,False,False,False,True,False,False,467,13,266.66666666666663
10673,1976,68397.0,0,1,2013-11-17,6,760,80,466,17,13,80,1,6,9,5,3,0,0,0,0,0,0,3,11,0,False,False,False,False,True,False,False,False,True,False,False,False,False,1416,20,266.66666666666663
5303,1974,79632.0,0,0,2014-04-08,42,471,0,510,99,21,12,1,6,4,9,2,0,0,0,0,0,0,3,11,0,False,False,False,False,True,False,False,False,False,False,True,False,False,1113,19,266.66666666666663
538,1989,46107.0,1,0,2014-02-10,78,31,9,27,16,9,33,1,1,1,4,3,0,0,0,0,0,0,3,11,0,False,False,True,False,False,False,False,False,False,True,False,False,False,125,6,266.66666666666663
5692,1989,25443.0,1,0,2012-12-22,82,1,4,3,8,9,7,1,1,0,3,8,0,0,0,0,0,0,3,11,0,False,True,False,False,False,False,False,False,True,False,False,False,False,32,4,266.66666666666663
6383,1971,32892.0,1,0,2014-05-25,78,26,0,15,2,1,2,2,3,0,3,8,0,0,0,0,0,0,3,11,0,False,False,False,False,True,False,False,False,False,False,True,False,False,46,6,266.66666666666663
3673,1971,55239.0,0,1,2013-07-14,59,371,17,238,23,24,106,3,7,5,11,5,0,0,0,0,0,0,3,11,0,False,False,True,False,False,False,False,False,False,True,False,False,False,779,23,266.66666666666663
760,1975,60554.0,1,0,2013-08-09,8,588,7,76,110,15,15,2,8,4,9,6,0,0,0,0,0,0,3,11,0,False,False,False,False,True,False,False,True,False,False,False,False,False,811,21,266.66666666666663
4128,1962,56067.0,0,1,2013-07-20,51,517,12,54,16,6,120,2,7,4,7,5,0,0,0,0,0,0,3,11,0,False,False,False,False,True,False,False,False,False,False,True,False,False,725,18,266.66666666666663
8700,1986,14906.0,0,0,2012-12-22,86,7,7,14,7,16,15,3,2,1,3,7,0,0,0,0,0,0,3,11,0,False,True,False,False,False,False,False,False,False,True,False,False,False,66,6,266.66666666666663
8405,1979,68274.0,1,1,2013-09-30,83,135,25,51,23,25,46,2,4,2,5,3,0,0,0,0,0,0,3,11,0,False,False,True,False,False,False,False,True,False,False,False,False,False,305,11,266.66666666666663
6515,1977,39771.0,1,0,2013-12-06,92,6,2,18,2,8,14,1,2,0,3,4,0,0,0,0,0,0,3,11,0,False,False,True,False,False,False,False,False,False,False,True,False,False,50,5,266.66666666666663
2882,1975,67893.0,0,1,2012-10-01,31,711,28,142,49,18,47,2,3,2,9,8,0,0,0,0,0,0,3,11,0,True,False,False,False,False,False,False,True,False,False,False,False,False,995,14,266.66666666666663
7574,1979,27922.0,1,0,2014-05-10,80,11,0,13,2,4,11,1,2,0,3,4,0,0,0,0,0,0,3,11,0,False,False,False,False,True,False,False,False,False,False,True,False,False,41,5,266.66666666666663
5048,1971,42767.0,2,0,2013-05-11,53,20,6,43,19,5,38,1,3,1,2,8,0,0,0,0,0,0,3,11,0,False,False,False,False,True,False,False,False,False,True,False,False,False,131,6,266.66666666666663
8146,1976,46106.0,1,1,2014-05-11,84,30,0,8,2,0,14,1,1,1,2,6,0,0,0,0,0,0,3,11,0,False,False,False,True,False,False,False,False,False,False,True,False,False,54,4,266.66666666666663
10031,1976,16927.0,1,1,2013-02-10,50,20,2,23,3,1,4,5,3,0,4,8,0,0,0,0,0,0,3,11,0,False,False,False,False,True,False,False,False,True,False,False,False,False,53,7,266.66666666666663
2134,1952,53700.0,0,1,2012-08-17,94,263,5,233,69,41,83,4,5,5,8,5,0,0,0,0,0,0,3,11,0,False,False,True,False,False,False,False,False,False,True,False,False,False,694,18,266.66666666666663
1523,1973,59041.0,1,1,2014-05-07,25,69,2,15,2,2,6,2,2,0,4,5,0,0,0,0,0,0,3,11,0,False,False,True,False,False,False,False,False,True,False,False,False,False,96,6,266.66666666666663
9665,1957,54237.0,0,1,2013-04-27,48,267,3,30,4,0,57,4,5,2,5,6,0,0,0,0,0,0,3,11,0,False,False,False,False,True,False,False,True,False,False,False,False,False,361,12,266.66666666666663
3635,1962,52597.0,0,1,2014-05-07,69,492,0,37,7,0,42,3,6,3,8,5,0,0,0,0,0,0,3,11,0,False,False,False,False,True,False,False,False,False,True,False,False,False,578,17,266.66666666666663
2456,1975,40233.0,0,1,2013-10-14,84,80,4,46,0,17,2,5,2,1,5,6,0,0,0,0,0,0,3,11,0,False,False,False,False,True,False,False,False,True,False,False,False,False,149,8,266.66666666666663
7011,1973,33471.0,1,0,2012-10-12,47,43,2,27,0,9,12,3,3,0,4,7,0,0,0,0,0,0,3,11,0,False,False,True,False,False,False,False,False,True,False,False,False,False,93,7,266.66666666666663
3933,1980,44010.0,1,0,2012-10-13,46,186,36,234,86,72,48,6,10,2,6,9,0,0,0,0,0,0,3,11,0,False,False,True,False,False,False,False,False,False,False,True,False,False,662,18,266.66666666666663
1734,1968,40706.0,2,1,2013-01-17,37,59,0,11,4,2,5,4,3,0,4,7,0,0,0,0,0,0,3,11,0,False,False,False,False,True,False,False,False,False,False,True,False,False,81,7,266.66666666666663
6357,1959,59052.0,0,1,2013-11-17,29,230,35,75,63,57,31,3,7,1,7,5,0,0,0,0,0,0,3,11,0,True,False,False,False,False,False,False,True,False,False,False,False,False,491,15,266.66666666666663
3308,1952,35704.0,1,1,2014-01-03,54,30,9,12,2,11,30,3,2,0,4,4,0,0,0,0,0,0,3,11,0,False,False,True,False,False,False,False,False,True,False,False,False,False,94,6,266.66666666666663
2166,1960,46779.0,1,1,2013-07-12,55,12,1,3,0,0,7,1,0,1,2,4,0,0,0,0,0,0,3,11,0,True,False,False,False,False,False,False,False,False,False,False,True,False,23,3,266.66666666666663
6634,1979,33462.0,1,0,2013-08-07,78,22,3,18,0,0,11,1,2,0,3,7,0,0,0,0,0,0,3,11,0,False,False,False,True,False,False,False,True,False,False,False,False,False,54,5,266.66666666666663
6872,1974,65352.0,0,1,2013-08-21,43,284,3,84,4,7,23,2,4,2,8,4,0,0,0,0,0,0,3,11,0,False,False,False,False,True,False,False,False,True,False,False,False,False,405,14,266.66666666666663
453,1956,35340.0,1,1,2014-06-29,1,27,0,12,0,1,5,2,2,0,3,5,0,0,0,0,0,0,3,11,0,False,False,False,False,True,False,False,False,False,False,False,True,False,45,5,266.66666666666663
9850,1972,24884.0,1,0,2012-11-29,32,3,6,7,0,0,3,1,0,0,3,7,0,0,0,0,0,0,3,11,0,True,False,False,False,False,False,False,False,True,False,False,False,False,19,3,266.66666666666663
1640,1954,64587.0,1,1,2014-06-22,49,66,0,16,0,6,20,2,1,1,4,3,0,0,0,0,0,0,3,11,0,False,False,True,False,False,False,False,True,False,False,False,False,False,108,6,266.66666666666663
5184,1995,34824.0,0,0,2014-03-26,65,4,2,11,2,0,4,1,1,0,2,6,0,0,0,0,0,0,3,11,0,False,False,True,False,False,False,False,False,False,True,False,False,False,23,3,266.66666666666663
11188,1957,26091.0,1,1,2014-02-25,84,15,10,19,8,17,20,3,2,1,3,5,0,0,0,0,0,0,3,11,0,False,False,True,False,False,False,False,False,False,False,True,False,False,89,6,266.66666666666663
9097,1956,46086.0,0,1,2013-11-03,34,244,8,32,7,2,50,4,3,1,8,4,0,0,0,0,0,0,3,11,0,False,False,True,False,False,False,False,True,False,False,False,False,False,343,12,266.66666666666663
5527,1987,22434.0,1,0,2013-02-13,25,4,12,11,3,13,15,2,2,0,3,8,0,0,0,0,0,0,3,11,0,False,False,True,False,False,False,False,False,False,False,True,False,False,58,5,266.66666666666663
6374,1954,36930.0,0,1,2013-05-17,50,223,2,31,0,2,39,5,5,2,4,8,0,0,0,0,0,0,3,11,0,False,False,False,False,True,False,False,False,True,False,False,False,False,297,11,266.66666666666663
8952,1953,65569.0,0,1,2012-11-05,96,397,46,288,20,38,70,2,6,5,10,3,0,0,0,0,0,0,3,11,0,False,False,False,True,False,False,False,False,True,False,False,False,False,859,21,266.66666666666663
6119,1963,36736.0,1,1,2013-05-10,52,10,0,3,0,0,4,1,1,0,2,6,0,0,0,0,0,0,3,11,0,False,False,False,False,True,False,False,False,False,True,False,False,False,17,3,266.66666666666663
5723,1976,49187.0,0,1,2014-01-11,63,81,1,31,2,1,0,1,1,1,5,2,0,0,0,0,0,0,3,11,0,False,False,False,False,True,False,False,False,False,False,True,False,False,116,7,266.66666666666663
1970,1968,34053.0,0,1,2012-09-10,14,63,0,21,7,0,12,1,3,0,3,8,0,0,0,0,0,0,3,11,0,False,False,False,True,False,False,False,False,False,False,True,False,False,103,6,266.66666666666663
5313,1971,38196.0,1,1,2014-04-18,20,30,0,11,0,0,3,3,2,0,4,5,0,0,0,0,0,0,3,11,0,False,False,False,True,False,False,False,False,True,False,False,False,False,44,6,266.66666666666663
10634,1951,59412.0,0,0,2014-04-19,56,90,67,165,30,43,11,1,4,2,8,3,0,0,0,0,0,0,3,11,0,False,False,False,True,False,False,False,False,True,False,False,False,False,406,14,266.66666666666663
8562,1969,54165.0,0,0,2013-05-28,72,127,4,73,15,6,11,1,2,1,7,2,0,0,0,0,0,0,3,11,0,False,False,True,False,False,False,False,False,False,False,True,False,False,236,10,266.66666666666663
3158,1973,32300.0,1,0,2013-01-03,1,13,3,6,6,5,6,1,1,0,3,8,0,0,0,0,0,0,3,11,0,False,False,True,False,False,False,False,False,True,False,False,False,False,39,4,266.66666666666663
4436,1976,20180.0,0,0,2013-02-20,27,18,42,24,15,20,18,1,2,1,4,7,0,0,0,0,0,0,3,11,0,False,False,True,False,False,False,False,False,False,True,False,False,False,137,7,266.66666666666663
5287,1973,34961.0,1,0,2014-06-19,77,45,2,26,4,1,1,3,3,1,3,7,0,0,0,0,0,0,3,11,0,False,False,True,False,False,False,False,False,True,False,False,False,False,79,7,266.66666666666663
2445,1974,28440.0,1,0,2013-07-07,87,38,1,24,0,0,0,1,2,0,3,8,0,0,0,0,0,0,3,11,0,False,False,False,False,True,False,False,False,False,False,True,False,False,63,5,266.66666666666663
4550,1966,33564.0,0,1,2014-06-24,51,61,0,3,0,0,7,1,1,1,3,5,0,0,0,0,0,0,3,11,0,False,False,False,True,False,False,False,False,False,False,True,False,False,71,5,266.66666666666663
4240,1978,17345.0,1,0,2012-11-03,79,4,9,16,17,0,12,2,2,1,2,8,0,0,0,0,0,0,3,11,0,False,False,True,False,False,False,False,False,True,False,False,False,False,58,5,266.66666666666663
8911,1967,56320.0,0,1,2013-04-08,11,201,53,172,116,77,83,3,5,4,9,4,0,0,0,0,0,0,3,11,0,False,False,False,False,True,False,False,False,True,False,False,False,False,702,18,266.66666666666663
3628,1987,15038.0,1,0,2013-01-29,93,4,8,11,19,12,26,2,2,1,2,9,0,0,0,0,0,0,3,11,0,False,True,False,False,False,False,False,False,False,True,False,False,False,80,5,266.66666666666663
10175,1958,32173.0,0,1,2013-08-01,0,18,0,2,0,0,2,1,1,0,3,4,0,0,0,0,0,0,3,11,0,False,False,False,False,True,False,False,True,False,False,False,False,False,22,4,266.66666666666663
8985,1964,68316.0,0,1,2012-11-04,54,806,80,161,120,11,33,5,10,7,10,6,0,0,0,0,0,0,3,11,0,True,False,False,False,False,False,False,False,False,False,True,False,False,1211,27,266.66666666666663
9888,1969,68695.0,0,0,2014-06-25,3,458,81,356,106,50,40,1,4,4,7,2,0,0,0,0,0,0,3,11,0,False,False,True,False,False,False,False,False,False,False,True,False,False,1091,15,266.66666666666663
5263,1977,31056.0,1,0,2013-01-22,99,5,10,13,3,8,16,1,1,0,3,8,0,0,0,0,0,0,3,11,0,True,False,False,False,False,False,False,False,True,False,False,False,False,55,4,266.66666666666663
9503,1980,28071.0,0,0,2012-08-29,65,39,33,130,41,26,44,2,5,1,5,8,0,0,0,0,0,0,3,11,0,False,False,True,False,False,False,False,False,False,True,False,False,False,313,11,266.66666666666663
10613,1958,37334.0,1,1,2014-02-26,44,26,1,16,2,2,15,4,3,0,4,4,0,0,0,0,0,0,3,11,0,False,False,False,False,True,False,False,False,False,False,True,False,False,62,7,266.66666666666663
67,1972,46423.0,1,1,2013-09-18,6,68,0,16,0,0,8,3,2,0,4,7,0,0,0,0,0,0,3,11,0,False,False,False,True,False,False,False,False,False,True,False,False,False,92,6,266.66666666666663
5863,1953,47703.0,0,1,2013-05-29,95,359,0,134,13,26,123,4,6,3,8,5,0,0,0,0,0,0,3,11,0,False,False,True,False,False,False,False,False,True,False,False,False,False,655,17,266.66666666666663
5985,1965,33168.0,0,1,2012-10-13,0,80,1,37,0,1,3,3,2,1,4,7,0,0,0,0,0,0,3,11,0,False,False,False,True,False,False,False,False,False,True,False,False,False,122,7,266.66666666666663
4754,1966,33585.0,0,1,2013-09-25,91,30,11,33,13,6,29,1,2,0,4,4,0,0,0,0,0,0,3,11,0,False,False,False,True,False,False,False,False,True,False,False,False,False,122,6,266.66666666666663
5731,1983,27100.0,1,0,2013-04-05,64,12,0,13,2,0,10,1,1,0,3,7,0,0,0,0,0,0,3,11,0,False,False,False,True,False,False,False,False,True,False,False,False,False,37,4,266.66666666666663
7290,1985,70596.0,0,0,2012-10-05,68,347,44,534,17,0,26,1,3,5,12,2,0,0,0,0,0,0,3,11,0,False,False,True,False,False,False,False,False,False,True,False,False,False,968,20,266.66666666666663
3846,1974,42557.0,0,1,2012-08-29,98,192,5,53,0,5,15,4,6,1,4,8,0,0,0,0,0,0,3,11,0,False,False,True,False,False,False,False,False,True,False,False,False,False,270,11,266.66666666666663
8104,1951,53312.0,0,0,2013-08-09,32,241,0,12,0,0,25,1,5,1,5,7,0,0,0,0,0,0,3,11,0,False,False,False,False,True,False,False,False,True,False,False,False,False,278,11,266.66666666666663
4507,1952,72228.0,0,0,2012-11-27,87,631,28,491,30,14,56,1,6,7,8,3,0,0,0,0,0,0,3,11,0,False,False,True,False,False,False,False,False,False,True,False,False,False,1250,21,266.66666666666663
10766,1964,65526.0,0,1,2014-04-11,22,397,19,69,12,0,9,1,4,4,8,2,0,0,0,0,0,0,3,11,0,False,False,False,False,True,False,False,False,True,False,False,False,False,506,16,266.66666666666663
4415,1961,16860.0,1,1,2012-09-12,19,10,4,4,3,3,14,3,1,1,3,7,0,0,0,0,0,0,3,11,0,False,False,True,False,False,False,False,False,True,False,False,False,False,38,5,266.66666666666663
4817,1956,22304.0,0,0,2012-08-04,91,3,2,7,0,4,2,1,1,0,2,8,0,0,0,0,0,0,3,11,0,False,False,True,False,False,False,False,True,False,False,False,False,False,18,3,266.66666666666663
10536,1971,32892.0,1,0,2014-05-25,78,26,0,15,2,1,2,2,3,0,3,8,0,0,0,0,0,0,3,11,0,False,False,False,False,True,False,False,False,False,False,True,False,False,46,6,266.66666666666663
3807,1955,59925.0,0,1,2012-11-30,83,473,21,176,19,21,56,3,9,2,9,6,0,0,0,0,0,0,3,11,0,False,False,True,False,False,False,False,False,False,False,True,False,False,766,20,266.66666666666663
9197,1953,39722.0,0,1,2014-02-24,92,32,0,5,2,0,8,2,2,0,3,5,0,0,0,0,0,0,3,11,0,False,False,True,False,False,False,False,False,True,False,False,False,False,47,5,266.66666666666663
10832,1958,46610.0,0,0,2013-07-18,4,288,10,30,4,10,125,1,6,1,6,6,0,0,0,0,0,0,3,11,0,False,False,True,False,False,False,False,False,False,False,True,False,False,467,13,266.66666666666663
577,1976,26907.0,1,1,2013-08-20,10,9,1,7,0,3,2,2,1,0,3,7,0,0,0,0,0,0,3,11,0,True,False,False,False,False,False,False,False,False,False,True,False,False,22,4,266.66666666666663
10855,1968,50014.0,1,0,2014-01-22,9,234,14,77,19,10,42,2,4,1,8,5,0,0,0,0,0,0,3,11,0,False,False,False,True,False,False,False,False,False,True,False,False,False,396,13,266.66666666666663
3081,1978,41014.0,1,0,2013-04-22,65,7,2,6,2,0,3,1,1,0,2,7,0,0,0,0,0,0,3,11,0,False,False,False,False,True,False,False,False,True,False,False,False,False,20,3,266.66666666666663
9523,1982,40479.0,1,0,2013-08-17,95,5,0,8,2,0,0,1,0,0,3,4,0,0,0,0,0,0,3,11,0,False,False,True,False,False,False,False,False,False,False,True,False,False,15,3,266.66666666666663
10914,1970,24163.0,1,1,2013-10-12,3,4,1,7,2,1,2,2,1,0,3,4,0,0,0,0,0,0,3,11,0,False,False,True,False,False,False,False,False,False,True,False,False,False,17,4,266.66666666666663
5577,1983,43776.0,1,0,2014-05-03,77,8,0,9,2,1,3,1,1,0,2,6,0,0,0,0,0,0,3,11,0,False,False,True,False,False,False,False,False,False,False,True,False,False,23,3,266.66666666666663
1833,1974,39190.0,1,0,2014-04-26,91,68,8,18,19,8,12,2,2,1,4,5,0,0,0,0,0,0,3,11,0,False,False,False,False,True,False,False,False,False,True,False,False,False,133,7,266.66666666666663
4944,1959,71367.0,0,0,2013-08-23,24,227,23,389,42,21,75,1,4,5,7,2,0,0,0,0,0,0,3,11,0,False,False,True,False,False,False,False,False,False,False,True,False,False,777,16,266.66666666666663
9080,1972,38578.0,1,1,2013-06-22,2,38,4,22,3,3,3,3,3,0,3,8,0,0,0,0,0,0,3,11,0,False,False,False,False,True,False,False,False,False,True,False,False,False,73,6,266.66666666666663
6466,1965,57236.0,1,1,2014-03-12,22,105,0,9,2,1,4,3,2,1,4,3,0,0,0,0,0,0,3,11,0,False,False,False,False,True,False,False,False,True,False,False,False,False,121,7,266.66666666666663
9964,1979,61825.0,0,1,2013-08-07,56,162,50,100,55,30,27,1,4,2,8,4,0,0,0,0,0,0,3,11,0,False,False,True,False,False,False,False,False,False,True,False,False,False,424,14,266.66666666666663
4790,1958,79803.0,0,1,2014-06-02,54,574,8,216,21,16,33,1,4,3,5,1,0,0,0,0,0,0,3,11,0,False,False,True,False,False,False,False,True,False,False,False,False,False,868,12,266.66666666666663
10245,1986,80910.0,0,0,2012-10-31,71,160,80,369,67,39,41,1,3,3,8,1,0,0,0,0,0,0,3,11,0,True,False,False,False,False,False,False,False,False,True,False,False,False,756,14,266.66666666666663
1109,1982,27590.0,1,0,2013-04-23,38,6,0,5,0,0,1,1,1,0,2,7,0,0,0,0,0,0,3,11,0,False,False,False,True,False,False,False,False,False,False,True,False,False,12,3,266.66666666666663
6001,1979,56775.0,0,1,2013-01-02,62,614,35,160,58,35,35,2,5,8,10,5,0,0,0,0,0,0,3,11,0,False,False,True,False,False,False,False,False,True,False,False,False,False,937,23,266.66666666666663
10552,1979,54210.0,0,1,2013-05-20,18,70,54,109,80,9,45,2,4,1,7,5,0,0,0,0,0,0,3,11,0,True,False,False,False,False,False,False,False,True,False,False,False,False,367,12,266.66666666666663
1545,1986,38508.0,1,0,2013-08-02,95,120,19,206,25,19,54,6,7,2,5,8,0,0,0,0,0,0,3,11,0,False,False,True,False,False,False,False,False,True,False,False,False,False,443,14,266.66666666666663
7409,1970,53187.0,1,0,2013-10-26,66,211,2,30,7,7,10,2,4,1,6,5,0,0,0,0,0,0,3,11,0,False,False,True,False,False,False,False,False,False,False,True,False,False,267,11,266.66666666666663
4444,1972,30023.0,1,0,2014-03-24,28,11,0,16,7,6,21,1,2,0,3,8,0,0,0,0,0,0,3,11,0,False,False,True,False,False,False,False,False,True,False,False,False,False,61,5,266.66666666666663
6271,1952,50870.0,0,1,2014-06-19,13,53,0,8,0,0,2,1,2,0,3,5,0,0,0,0,0,0,3,11,0,False,False,False,False,True,False,False,False,True,False,False,False,False,63,5,266.66666666666663
10065,1970,15315.0,0,0,2013-08-03,27,7,4,13,15,8,17,2,2,0,4,5,0,0,0,0,0,0,3,11,0,True,False,False,False,False,False,False,False,True,False,False,False,False,64,6,266.66666666666663
375,1954,76773.0,0,0,2013-02-25,79,516,56,449,86,33,16,1,2,2,11,1,0,0,0,0,0,0,3,11,0,False,False,True,False,False,False,False,True,False,False,False,False,False,1156,15,266.66666666666663
10022,1973,54466.0,1,1,2014-02-09,78,12,0,4,0,0,0,1,1,0,2,5,0,0,0,0,0,0,3,11,0,False,False,False,False,True,False,False,False,False,True,False,False,False,16,3,266.66666666666663
11010,1984,16269.0,1,0,2013-08-30,75,19,3,18,3,1,0,3,3,0,3,8,0,0,0,0,0,0,3,11,0,False,False,False,False,True,False,False,False,False,True,False,False,False,44,6,266.66666666666663
880,1966,22634.0,0,0,2013-01-16,47,2,23,11,8,6,46,1,2,1,2,8,0,0,0,0,0,0,3,11,0,False,True,False,False,False,False,False,False,False,False,True,False,False,96,5,266.66666666666663
2320,1978,47025.0,0,1,2013-09-12,98,508,11,59,23,5,29,5,11,1,6,9,0,0,0,0,0,0,3,11,0,True,False,False,False,False,False,False,False,True,False,False,False,False,635,18,266.66666666666663
850,1968,70566.0,0,1,2013-10-06,4,381,28,215,84,28,21,2,6,5,9,3,0,0,0,0,0,0,3,11,0,False,False,True,False,False,False,False,False,False,True,False,False,False,757,20,266.66666666666663
4713,1979,31605.0,1,0,2012-11-22,15,74,0,42,2,1,6,2,2,1,4,7,0,0,0,0,0,0,3,11,0,False,False,False,False,True,False,False,False,True,False,False,False,False,125,7,266.66666666666663
675,1973,52034.0,1,1,2013-05-17,67,146,0,93,7,13,73,5,4,2,5,7,0,0,0,0,0,0,3,11,0,False,False,False,True,False,False,False,True,False,False,False,False,False,332,11,266.66666666666663
5025,1979,48526.0,1,0,2013-12-24,32,23,17,23,43,20,9,1,2,1,4,3,0,0,0,0,0,0,3,11,0,False,False,True,False,False,False,False,False,False,True,False,False,False,135,7,266.66666666666663
2308,1954,46734.0,0,1,2012-11-18,40,110,5,137,26,23,29,2,6,1,5,7,0,0,0,0,0,0,3,11,0,False,False,True,False,False,False,False,False,True,False,False,False,False,330,12,266.66666666666663
6749,1966,86358.0,1,1,2012-08-08,78,957,47,494,82,47,95,4,5,3,6,8,0,0,0,0,0,0,3,11,0,False,False,True,False,False,False,False,False,False,True,False,False,False,1722,14,266.66666666666663
1010,1977,46931.0,2,1,2014-04-24,94,41,0,17,3,1,16,2,1,1,3,3,0,0,0,0,0,0,3,11,0,False,False,True,False,False,False,False,False,False,False,True,False,False,78,5,266.66666666666663
8977,1985,16581.0,0,0,2013-01-12,51,1,3,4,2,3,11,1,0,0,3,4,0,0,0,0,0,0,3,11,0,False,True,False,False,False,False,False,False,False,True,False,False,False,24,3,266.66666666666663
606,1967,25930.0,1,1,2013-10-10,87,6,1,2,2,0,4,1,1,0,2,7,0,0,0,0,0,0,3,11,0,False,False,True,False,False,False,False,False,False,True,False,False,False,15,3,266.66666666666663
5961,1978,42693.0,1,0,2014-06-07,29,8,4,20,6,3,16,1,1,0,3,5,0,0,0,0,0,0,3,11,0,False,False,True,False,False,False,False,False,True,False,False,False,False,57,4,266.66666666666663
7613,1974,49669.0,1,0,2014-05-24,97,166,5,107,11,8,29,2,5,1,6,6,0,0,0,0,0,0,3,11,0,True,False,False,False,False,False,False,False,False,False,True,False,False,326,12,266.66666666666663
10542,1968,36778.0,1,1,2012-08-05,63,29,4,34,2,4,4,3,3,0,3,9,0,0,0,0,0,0,3,11,0,False,False,False,False,True,False,False,False,True,False,False,False,False,77,6,266.66666666666663
10617,1989,10979.0,0,0,2014-05-22,34,8,4,10,2,2,4,2,3,0,3,5,0,0,0,0,0,0,3,11,0,False,False,False,True,False,False,False,True,False,False,False,False,False,30,6,266.66666666666663
11166,1961,49678.0,0,1,2013-02-02,81,229,5,56,3,2,20,2,6,2,4,7,0,0,0,0,0,0,3,11,0,False,False,True,False,False,False,False,False,True,False,False,False,False,315,12,266.66666666666663
849,1953,56129.0,0,1,2013-06-20,65,320,48,133,39,72,48,4,6,2,10,4,0,0,0,0,0,0,3,11,0,False,False,False,True,False,False,False,False,False,False,True,False,False,660,18,266.66666666666663
523,1989,37155.0,1,0,2013-01-31,51,23,0,26,7,15,3,1,2,0,4,5,0,0,0,0,0,0,3,11,0,False,False,True,False,False,False,False,False,True,False,False,False,False,74,6,266.66666666666663
4066,1978,21282.0,1,0,2014-05-11,76,1,5,8,4,8,20,2,2,1,2,6,0,0,0,0,0,0,3,11,0,True,False,False,False,False,False,False,True,False,False,False,False,False,46,5,266.66666666666663
8414,1962,33419.0,0,1,2013-08-17,76,56,0,12,0,0,18,2,2,0,4,7,0,0,0,0,0,0,3,11,0,False,False,False,False,True,False,False,False,False,True,False,False,False,86,6,266.66666666666663
4961,1974,21255.0,1,0,2014-01-21,56,29,0,25,2,2,3,4,2,1,4,4,0,0,0,0,0,0,3,11,0,False,False,False,True,False,False,False,False,False,False,True,False,False,61,7,266.66666666666663
7755,1954,57744.0,0,1,2013-11-12,91,350,3,39,0,0,19,2,9,1,4,8,0,0,0,0,0,0,3,11,0,False,False,False,False,True,False,False,False,True,False,False,False,False,411,14,266.66666666666663
1453,1943,57513.0,0,0,2013-07-06,59,735,40,183,52,20,30,2,9,3,13,6,0,0,0,0,0,0,3,11,0,False,False,False,False,True,False,False,False,False,False,False,True,False,1060,25,266.66666666666663
10710,1979,7500.0,0,1,2012-08-29,61,5,2,3,3,0,5,1,1,0,2,8,0,0,0,0,0,0,3,11,0,False,False,True,False,False,False,False,False,True,False,False,False,False,18,3,266.66666666666663
2613,1960,54197.0,0,1,2014-04-03,16,162,6,37,6,13,13,2,1,3,6,1,0,0,0,0,0,0,3,11,0,False,False,False,True,False,False,False,False,True,False,False,False,False,237,10,266.66666666666663
213,1963,23091.0,1,1,2014-05-28,98,35,0,11,0,0,2,4,2,1,3,7,0,0,0,0,0,0,3,11,0,False,False,False,False,True,False,False,False,False,True,False,False,False,48,6,266.66666666666663
4252,1965,44375.0,0,1,2014-03-23,73,213,5,28,7,7,41,1,4,1,6,5,0,0,0,0,0,0,3,11,0,False,False,True,False,False,False,False,False,True,False,False,False,False,301,11,266.66666666666663
5922,1974,40344.0,0,1,2013-10-13,48,210,0,6,0,0,2,2,4,1,5,7,0,0,0,0,0,0,3,11,0,False,False,False,False,True,False,False,False,True,False,False,False,False,218,10,266.66666666666663
3598,1972,62710.0,0,1,2013-05-23,53,441,35,83,7,29,11,4,4,2,12,4,0,0,0,0,0,0,3,11,0,False,False,True,False,False,False,False,False,True,False,False,False,False,606,18,266.66666666666663
6116,1968,48985.0,0,1,2013-07-05,13,19,13,18,10,7,8,1,1,1,3,3,0,0,0,0,0,0,3,11,0,True,False,False,False,False,False,False,False,True,False,False,False,False,75,5,266.66666666666663
6263,1968,35322.0,1,2,2012-08-22,34,28,9,37,12,7,13,3,2,0,4,8,0,0,0,0,0,0,3,11,0,False,False,True,False,False,False,False,False,False,False,True,False,False,106,6,266.66666666666663
3363,1974,20130.0,0,0,2014-03-17,99,0,6,3,7,6,12,1,1,0,3,8,0,0,0,0,0,0,3,11,0,True,False,False,False,False,False,False,False,True,False,False,False,False,34,4,266.66666666666663
8686,1979,23724.0,1,0,2013-01-08,65,5,23,15,0,18,14,2,2,0,3,8,0,0,0,0,0,0,3,11,0,False,True,False,False,False,False,False,False,False,False,True,False,False,75,5,266.66666666666663
1604,1960,47353.0,0,1,2013-11-13,93,184,2,19,8,8,4,3,2,2,6,5,0,0,0,0,0,0,3,11,0,False,False,False,True,False,False,False,False,True,False,False,False,False,225,10,266.66666666666663
5907,1952,33444.0,1,1,2012-11-03,24,8,0,8,0,0,2,1,1,0,2,8,0,0,0,0,0,0,3,11,0,False,False,False,True,False,False,False,False,True,False,False,False,False,18,3,266.66666666666663
10669,1981,54386.0,0,1,2013-05-17,8,277,21,64,62,21,25,2,3,2,10,3,0,0,0,0,0,0,3,11,0,False,False,True,False,False,False,False,False,True,False,False,False,False,470,15,266.66666666666663
2918,1981,28510.0,1,1,2013-04-13,72,44,5,19,0,4,19,3,2,0,4,5,0,0,0,0,0,0,3,11,0,False,False,True,False,False,False,False,True,False,False,False,False,False,91,6,266.66666666666663
8387,1957,43140.0,0,1,2013-01-05,68,134,8,76,6,0,11,1,4,1,5,6,0,0,0,0,0,0,3,11,0,False,False,True,False,False,False,False,False,True,False,False,False,False,235,10,266.66666666666663
3839,1958,15056.0,1,1,2013-05-03,76,6,12,3,21,6,40,5,2,2,3,5,0,0,0,0,0,0,3,11,0,False,True,False,False,False,False,False,False,False,True,False,False,False,88,7,266.66666666666663
9392,1971,26954.0,1,0,2014-05-08,17,4,1,11,0,0,1,1,1,0,2,7,0,0,0,0,0,0,3,11,0,False,False,True,False,False,False,False,False,False,True,False,False,False,17,3,266.66666666666663
2292,1985,22327.0,1,0,2013-08-02,94,5,4,8,2,0,5,1,1,0,3,5,0,0,0,0,0,0,3,11,0,False,False,True,False,False,False,False,False,False,True,False,False,False,24,4,266.66666666666663
10466,1965,44393.0,1,1,2013-08-22,86,24,2,20,2,2,10,2,1,0,4,4,0,0,0,0,0,0,3,11,0,False,False,True,False,False,False,False,False,True,False,False,False,False,60,5,266.66666666666663
4088,1962,31497.0,0,1,2012-12-06,22,108,1,28,13,1,4,2,3,1,4,8,0,0,0,0,0,0,3,11,0,False,False,False,False,True,False,False,False,False,False,True,False,False,155,8,266.66666666666663
5231,1974,45894.0,0,2,2014-02-27,15,27,2,7,0,2,13,1,1,0,3,5,0,0,0,0,0,0,3,11,0,True,False,False,False,False,False,False,False,True,False,False,False,False,51,4,266.66666666666663
2315,1960,58401.0,0,1,2014-04-20,55,10,0,11,17,29,29,1,1,2,2,4,0,0,0,0,0,0,3,11,0,False,False,True,False,False,False,False,True,False,False,False,False,False,96,5,266.66666666666663
3515,1952,62307.0,0,1,2014-02-17,94,87,13,34,10,6,10,1,4,0,4,5,0,0,0,0,0,0,3,11,0,False,False,True,False,False,False,False,False,False,True,False,False,False,160,8,266.66666666666663
2245,1969,43641.0,1,1,2013-04-22,50,57,2,51,4,2,23,3,2,1,4,6,0,0,0,0,0,0,3,11,0,False,False,False,True,False,False,False,False,True,False,False,False,False,139,7,266.66666666666663
2246,1965,46891.0,0,1,2013-09-01,91,43,12,23,29,15,61,1,2,1,4,4,0,0,0,0,0,0,3,11,0,True,False,False,False,False,False,False,False,True,False,False,False,False,183,7,266.66666666666663
5545,1972,78075.0,0,0,2014-04-05,72,572,8,259,34,35,80,1,3,5,5,1,0,0,0,0,0,0,3,11,0,False,False,False,False,True,False,False,False,True,False,False,False,False,988,13,266.66666666666663
837,1977,54809.0,1,1,2013-09-11,0,63,6,57,13,13,22,4,2,1,5,4,0,0,0,0,0,0,3,11,0,False,False,True,False,False,False,False,False,True,False,False,False,False,174,8,266.66666666666663
3602,1958,51412.0,0,1,2013-12-31,42,140,3,29,4,5,14,2,3,2,4,4,0,0,0,0,0,0,3,11,0,False,False,False,True,False,False,False,False,True,False,False,False,False,195,9,266.66666666666663
3068,1990,18351.0,0,0,2013-10-29,1,1,12,9,0,14,7,1,2,0,3,7,0,0,0,0,0,0,3,11,0,False,False,True,False,False,False,False,False,True,False,False,False,False,43,5,266.66666666666663
945,1965,36317.0,0,1,2013-05-22,53,87,3,25,3,2,13,2,3,0,4,7,0,0,0,0,0,0,3,11,0,False,False,True,False,False,False,False,False,False,False,True,False,False,133,7,266.66666666666663
3439,1972,56721.0,1,1,2012-10-31,64,157,6,39,6,13,75,5,4,1,5,6,0,0,0,0,0,0,3,11,0,False,False,True,False,False,False,False,False,True,False,False,False,False,296,10,266.66666666666663
8876,1963,33629.0,1,1,2012-08-08,49,132,0,16,0,0,4,5,3,1,4,9,0,0,0,0,0,0,3,11,0,False,False,False,False,True,False,False,False,False,False,True,False,False,152,8,266.66666666666663
4500,1991,68682.0,0,0,2013-10-06,56,919,0,505,99,30,45,1,4,9,10,2,0,0,0,0,0,0,3,11,0,False,False,False,False,True,False,False,False,False,False,True,False,False,1598,23,266.66666666666663
9739,1963,34377.0,0,1,2013-01-19,55,62,0,22,3,1,26,2,2,2,2,7,0,0,0,0,0,0,3,11,0,False,False,True,False,False,False,False,False,False,True,False,False,False,114,6,266.66666666666663
10395,1986,8940.0,1,0,2012-08-22,25,1,45,3,4,6,42,3,3,1,3,8,0,0,0,0,0,0,3,11,0,False,True,False,False,False,False,False,False,False,True,False,False,False,101,7,266.66666666666663
1176,1973,26228.0,1,0,2013-09-22,50,2,6,4,3,1,9,1,1,0,2,8,0,0,0,0,0,0,3,11,0,False,False,True,False,False,False,False,False,True,False,False,False,False,25,3,266.66666666666663
2740,1958,33438.0,1,1,2013-09-22,81,62,1,16,3,2,6,4,2,1,4,5,0,0,0,0,0,0,3,11,0,False,False,False,False,True,False,False,False,False,False,False,True,False,90,7,266.66666666666663
257,1959,75032.0,0,1,2013-04-28,74,952,12,180,47,12,12,2,5,4,9,3,0,0,0,0,0,0,3,11,0,False,False,False,False,True,False,False,False,True,False,False,False,False,1215,18,266.66666666666663
8210,1975,54730.0,0,1,2013-08-15,64,318,3,17,4,7,56,5,4,1,8,4,0,0,0,0,0,0,3,11,0,False,False,False,True,False,False,False,False,True,False,False,False,False,405,13,266.66666666666663
833,1955,38452.0,1,1,2014-03-30,62,56,0,14,0,0,2,3,3,0,3,7,0,0,0,0,0,0,3,11,0,False,False,False,True,False,False,False,False,True,False,False,False,False,72,6,266.66666666666663
6230,1971,44421.0,1,1,2013-02-15,53,110,5,59,7,1,7,5,5,0,4,8,0,0,0,0,0,0,3,11,0,False,False,True,False,False,False,False,True,False,False,False,False,False,189,9,266.66666666666663
7325,1986,38197.0,1,0,2013-06-29,86,23,0,11,2,1,3,1,1,0,3,5,0,0,0,0,0,0,3,11,0,False,False,False,False,True,False,False,False,False,False,True,False,False,40,4,266.66666666666663
1307,1978,41986.0,0,1,2014-02-09,15,27,5,8,8,3,12,3,3,0,4,4,0,0,0,0,0,0,3,11,0,False,False,True,False,False,False,False,True,False,False,False,False,False,63,7,266.66666666666663
1502,1983,28427.0,1,0,2013-03-21,67,18,3,19,3,3,6,2,2,0,3,8,0,0,0,0,0,0,3,11,0,False,False,True,False,False,False,False,False,False,False,True,False,False,52,5,266.66666666666663
6211,1976,37395.0,1,0,2014-05-02,47,18,0,9,0,1,11,1,1,0,3,6,0,0,0,0,0,0,3,11,0,False,False,False,False,True,False,False,False,False,False,True,False,False,39,4,266.66666666666663
4174,1956,55249.0,0,1,2014-04-17,81,97,1,19,2,0,11,1,2,1,4,3,0,0,0,0,0,0,3,11,0,False,False,False,True,False,False,False,False,False,False,True,False,False,130,7,266.66666666666663
6918,1989,28691.0,1,0,2013-07-04,56,5,4,13,8,0,4,1,1,0,3,8,0,0,0,0,0,0,3,11,0,False,False,True,False,False,False,False,False,True,False,False,False,False,34,4,266.66666666666663
286,1952,44213.0,1,1,2013-11-29,48,95,11,35,0,4,7,4,2,1,5,6,0,0,0,0,0,0,3,11,0,False,False,True,False,False,False,False,False,False,True,False,False,False,152,8,266.66666666666663
11086,1984,25707.0,1,0,2014-01-18,18,1,6,2,3,6,3,1,1,0,3,7,0,0,0,0,0,0,3,11,0,False,True,False,False,False,False,False,False,False,True,False,False,False,21,4,266.66666666666663
1921,1967,59062.0,2,1,2013-10-03,74,46,1,12,3,0,9,2,2,0,3,4,0,0,0,0,0,0,3,11,0,False,False,False,False,True,False,False,False,True,False,False,False,False,71,5,266.66666666666663
7718,1947,66000.0,0,0,2014-04-20,36,244,51,270,101,0,45,1,1,3,5,1,0,0,0,0,0,0,3,11,0,False,False,False,True,False,False,False,False,False,False,True,False,False,711,9,266.66666666666663
1291,1978,27683.0,1,0,2012-08-04,90,152,9,121,12,12,45,4,6,2,4,8,0,0,0,0,0,0,3,11,0,False,False,False,False,True,False,False,False,False,False,True,False,False,351,12,266.66666666666663
4136,1992,7500.0,1,0,2012-12-03,63,10,17,18,8,26,40,4,3,2,2,9,0,0,0,0,0,0,3,11,0,False,True,False,False,False,False,False,False,False,True,False,False,False,119,7,266.66666666666663
803,1968,40521.0,1,1,2013-04-05,82,12,0,5,0,0,4,1,0,1,2,5,0,0,0,0,0,0,3,11,0,False,False,True,False,False,False,False,False,False,False,True,False,False,21,3,266.66666666666663
4298,1973,20427.0,1,0,2014-03-24,63,5,0,4,0,0,1,1,1,0,2,8,0,0,0,0,0,0,3,11,0,False,False,False,False,True,False,False,False,False,False,True,False,False,10,3,266.66666666666663
8147,1960,31454.0,1,1,2013-07-06,40,28,0,11,0,0,9,3,2,0,3,8,0,0,0,0,0,0,3,11,0,False,False,True,False,False,False,False,False,True,False,False,False,False,48,5,266.66666666666663
11114,1970,19656.0,1,0,2013-02-08,94,25,4,9,6,8,32,3,2,1,3,7,0,0,0,0,0,0,3,11,0,False,False,True,False,False,False,False,False,False,False,True,False,False,84,6,266.66666666666663
5429,1948,45579.0,0,1,2013-08-20,10,145,1,33,2,1,1,1,4,1,4,6,0,0,0,0,0,0,3,11,0,False,False,False,False,True,False,False,False,True,False,False,False,False,183,9,266.66666666666663
7527,1968,23748.0,1,0,2012-11-21,97,6,6,29,12,15,8,3,2,1,3,8,0,0,0,0,0,0,3,11,0,False,False,False,True,False,False,False,True,False,False,False,False,False,76,6,266.66666666666663
907,1975,46149.0,0,1,2013-11-29,36,254,6,71,4,0,27,5,5,1,7,5,0,0,0,0,0,0,3,11,0,False,False,True,False,False,False,False,False,True,False,False,False,False,362,13,266.66666666666663
679,1957,37633.0,1,1,2012-09-20,49,13,4,20,0,0,1,2,1,0,3,9,0,0,0,0,0,0,3,11,0,False,False,False,False,True,False,False,False,True,False,False,False,False,38,4,266.66666666666663
7384,1951,39767.0,0,0,2013-07-21,18,113,61,204,34,26,47,2,7,1,7,8,0,0,0,0,0,0,3,11,0,False,False,False,True,False,False,False,False,False,False,True,False,False,485,15,266.66666666666663
5267,1970,33986.0,1,0,2013-03-14,43,16,2,18,2,1,5,1,1,0,3,7,0,0,0,0,0,0,3,11,0,False,False,True,False,False,False,False,True,False,False,False,False,False,44,4,266.66666666666663
2516,1969,46831.0,1,1,2013-06-08,84,22,2,10,6,4,34,2,1,2,2,4,0,0,0,0,0,0,3,11,0,True,False,False,False,False,False,False,False,True,False,False,False,False,78,5,266.66666666666663
4808,1956,15759.0,0,0,2013-09-05,12,1,2,5,6,0,3,1,1,0,2,7,0,0,0,0,0,0,3,11,0,False,False,True,False,False,False,False,False,True,False,False,False,False,17,3,266.66666666666663
5068,1971,22804.0,1,0,2013-07-31,75,14,1,7,2,1,1,1,2,0,2,9,0,0,0,0,0,0,3,11,0,False,False,True,False,False,False,False,False,False,True,False,False,False,26,4,266.66666666666663
7628,1973,43050.0,1,0,2014-03-18,10,30,5,24,6,3,8,2,2,0,4,5,0,0,0,0,0,0,3,11,0,True,False,False,False,False,False,False,False,True,False,False,False,False,76,6,266.66666666666663
7128,1977,42997.0,1,1,2013-12-07,91,4,0,5,0,1,5,1,1,0,2,7,0,0,0,0,0,0,3,11,0,False,False,False,False,True,False,False,False,False,True,False,False,False,15,3,266.66666666666663
2811,1963,48918.0,1,1,2014-04-12,21,52,0,9,0,0,1,2,1,0,4,4,0,0,0,0,0,0,3,11,0,False,False,False,False,True,False,False,False,False,True,False,False,False,62,5,266.66666666666663
3551,1954,60033.0,0,1,2014-03-29,28,62,1,57,19,11,48,2,2,1,5,2,0,0,0,0,0,0,3,11,0,False,False,False,True,False,False,False,False,False,False,True,False,False,198,8,266.66666666666663
1663,1978,34043.0,1,0,2013-10-25,97,20,2,14,3,0,10,1,2,0,2,9,0,0,0,0,0,0,3,11,0,False,False,False,False,True,False,False,False,False,False,True,False,False,49,4,266.66666666666663
10641,1978,7500.0,1,1,2012-12-27,5,6,5,4,13,4,25,4,2,1,3,6,0,0,0,0,0,0,3,11,0,False,False,True,False,False,False,False,False,False,True,False,False,False,57,6,266.66666666666663
1878,1985,23148.0,0,0,2014-02-18,83,4,6,8,6,3,10,1,2,0,3,7,0,0,0,0,0,0,3,11,0,True,False,False,False,False,False,False,False,True,False,False,False,False,37,5,266.66666666666663
3099,1970,44267.0,1,1,2013-02-25,48,183,5,65,3,5,49,5,5,2,4,9,0,0,0,0,0,0,3,11,0,False,False,True,False,False,False,False,True,False,False,False,False,False,310,11,266.66666666666663
5841,1966,60894.0,0,1,2013-06-28,61,606,7,155,10,0,54,5,10,3,8,7,0,0,0,0,0,0,3,11,0,False,False,True,False,False,False,False,False,False,False,True,False,False,832,21,266.66666666666663
3972,1976,50200.0,1,1,2013-04-03,70,266,6,51,8,6,64,6,7,1,5,8,0,0,0,0,0,0,3,11,0,False,False,True,False,False,False,False,False,False,False,True,False,False,401,13,266.66666666666663
4603,1960,65695.0,0,1,2014-01-31,50,371,32,189,0,58,6,2,5,4,10,4,0,0,0,0,0,0,3,11,0,False,False,False,False,True,False,False,False,True,False,False,False,False,656,19,266.66666666666663
10260,1965,45143.0,0,1,2013-08-26,74,202,5,74,11,5,14,3,6,1,5,7,0,0,0,0,0,0,3,11,0,False,False,False,True,False,False,False,False,False,False,True,False,False,311,12,266.66666666666663
8789,1989,59060.0,1,0,2014-01-11,77,35,40,111,36,40,12,3,3,1,7,4,0,0,0,0,0,0,3,11,0,True,False,False,False,False,False,False,False,True,False,False,False,False,274,11,266.66666666666663
6197,1962,27238.0,1,1,2013-04-20,39,37,0,17,0,0,3,3,3,0,3,9,0,0,0,0,0,0,3,11,0,False,False,False,False,True,False,False,False,False,True,False,False,False,57,6,266.66666666666663
4554,1965,47009.0,0,1,2013-10-01,89,171,45,73,59,10,90,4,3,2,8,4,0,0,0,0,0,0,3,11,0,False,False,True,False,False,False,False,False,False,False,True,False,False,448,13,266.66666666666663
4937,1973,46094.0,1,1,2014-06-10,62,12,2,20,3,2,5,1,1,0,3,7,0,0,0,0,0,0,3,11,0,True,False,False,False,False,False,False,False,True,False,False,False,False,44,4,266.66666666666663
1920,1972,40321.0,1,1,2013-07-29,59,44,4,21,6,0,27,2,3,0,3,7,0,0,0,0,0,0,3,11,0,False,False,True,False,False,False,False,False,True,False,False,False,False,102,6,266.66666666666663
8749,1984,37235.0,1,0,2014-02-01,68,20,2,9,4,6,20,1,1,1,2,4,0,0,0,0,0,0,3,11,0,False,False,True,False,False,False,False,False,False,False,True,False,False,61,4,266.66666666666663
10377,1958,46692.0,0,1,2013-06-06,37,170,6,97,24,12,88,3,6,1,5,6,0,0,0,0,0,0,3,11,0,False,False,False,True,False,False,False,False,False,False,True,False,False,397,12,266.66666666666663
6398,1974,18393.0,1,0,2014-03-29,2,7,10,13,16,0,4,2,3,0,3,8,0,0,0,0,0,0,3,11,0,False,True,False,False,False,False,False,False,True,False,False,False,False,50,6,266.66666666666663
7937,1982,24711.0,0,0,2014-04-18,86,10,7,25,6,3,7,1,3,0,3,7,0,0,0,0,0,0,3,11,0,False,False,True,False,False,False,False,False,True,False,False,False,False,58,6,266.66666666666663
839,1975,45503.0,1,0,2013-09-25,54,97,4,44,6,1,18,1,3,1,4,5,0,0,0,0,0,0,3,11,0,False,False,False,False,True,False,False,False,True,False,False,False,False,170,8,266.66666666666663
4832,1979,27244.0,1,0,2014-03-07,84,6,5,17,3,24,46,2,2,2,2,7,0,0,0,0,0,0,3,11,0,False,False,True,False,False,False,False,False,True,False,False,False,False,101,6,266.66666666666663
11039,1975,51948.0,0,1,2013-09-17,51,82,33,54,71,30,41,2,5,2,4,5,0,0,0,0,0,0,3,11,0,False,False,True,False,False,False,False,False,True,False,False,False,False,311,11,266.66666666666663
9635,1983,35876.0,0,0,2014-04-20,13,66,2,40,4,3,14,1,3,1,3,6,0,0,0,0,0,0,3,11,0,False,False,False,True,False,False,False,False,True,False,False,False,False,129,7,266.66666666666663
2173,1952,40049.0,0,1,2013-10-16,23,13,6,7,0,3,3,1,1,0,3,6,0,0,0,0,0,0,3,11,0,False,False,True,False,False,False,False,False,False,False,False,True,False,32,4,266.66666666666663
5510,1977,43263.0,0,1,2012-11-21,2,262,6,61,0,10,102,3,5,2,6,5,0,0,0,0,0,0,3,11,0,False,False,False,True,False,False,False,False,True,False,False,False,False,441,13,266.66666666666663
2253,1990,18929.0,0,0,2013-02-16,15,32,0,8,23,4,18,1,1,0,4,6,0,0,0,0,0,0,3,11,0,False,False,True,False,False,False,False,False,True,False,False,False,False,85,5,266.66666666666663
5181,1982,24367.0,1,0,2013-03-20,58,2,4,2,0,11,5,1,1,0,2,9,0,0,0,0,0,0,3,11,0,False,True,False,False,False,False,False,False,False,True,False,False,False,24,3,266.66666666666663
979,1975,33249.0,1,0,2013-02-20,11,6,10,21,19,14,42,2,2,1,3,6,0,0,0,0,0,0,3,11,0,False,False,True,False,False,False,False,False,False,True,False,False,False,112,6,266.66666666666663
10390,1959,26887.0,0,1,2013-02-10,27,6,7,4,3,4,6,1,1,0,3,6,0,0,0,0,0,0,3,11,0,True,False,False,False,False,False,False,False,True,False,False,False,False,30,4,266.66666666666663
4698,1983,50150.0,0,0,2013-06-20,32,135,46,92,65,61,11,2,5,2,7,5,0,0,0,0,0,0,3,11,0,False,False,False,False,True,False,False,False,True,False,False,False,False,410,14,266.66666666666663
8369,1987,18227.0,1,0,2012-11-08,21,1,2,7,4,3,11,1,0,1,2,8,0,0,0,0,0,0,3,11,0,False,False,True,False,False,False,False,False,False,False,True,False,False,28,3,266.66666666666663
5232,1965,69139.0,0,1,2014-01-27,23,86,12,75,33,15,6,1,4,1,5,4,0,0,0,0,0,0,3,11,0,False,False,True,False,False,False,False,False,True,False,False,False,False,227,10,266.66666666666663
7712,1946,62159.0,0,0,2014-04-28,68,182,17,259,77,70,29,1,6,2,10,4,0,0,0,0,0,0,3,11,0,False,False,False,False,True,False,False,False,False,True,False,False,False,634,18,266.66666666666663
7275,1971,33316.0,1,1,2013-10-04,34,79,1,31,4,4,12,3,2,1,4,6,0,0,0,0,0,0,3,11,0,False,False,False,True,False,False,False,False,False,True,False,False,False,131,7,266.66666666666663
1343,1968,58554.0,1,1,2012-09-26,55,368,24,68,38,0,88,6,8,2,6,7,0,0,0,0,0,0,3,11,0,False,False,True,False,False,False,False,False,False,False,True,False,False,586,16,266.66666666666663
2698,1976,47025.0,0,1,2013-11-07,52,254,7,108,20,0,26,3,6,3,5,6,0,0,0,0,0,0,3,11,0,False,False,True,False,False,False,False,False,False,True,False,False,False,415,14,266.66666666666663
3231,1973,37971.0,1,0,2013-11-25,97,5,4,10,2,2,7,1,1,0,3,8,0,0,0,0,0,0,3,11,0,False,False,True,False,False,False,False,False,True,False,False,False,False,30,4,266.66666666666663
4096,1968,41335.0,1,0,2013-12-26,24,112,19,21,16,14,5,3,4,1,4,7,0,0,0,0,0,0,3,11,0,False,False,False,True,False,False,False,True,False,False,False,False,False,187,9,266.66666666666663
10476,1958,67267.0,0,1,2014-05-13,0,134,11,59,15,2,30,1,3,2,5,2,0,0,0,0,0,0,3,11,0,False,False,True,False,False,False,False,False,True,False,False,False,False,251,10,266.66666666666663
5948,1975,57338.0,0,1,2014-04-29,96,143,6,52,11,8,17,2,4,1,5,5,0,0,0,0,0,0,3,11,0,False,False,True,False,False,False,False,False,False,True,False,False,False,237,10,266.66666666666663
9140,1960,50523.0,1,1,2013-12-25,89,51,4,24,4,7,1,2,2,0,4,6,0,0,0,0,0,0,3,11,0,True,False,False,False,False,False,False,False,False,False,True,False,False,91,6,266.66666666666663
10258,1965,35791.0,2,1,2013-05-06,94,27,0,5,0,0,3,2,1,0,3,8,0,0,0,0,0,0,3,11,0,False,False,False,True,False,False,False,False,False,True,False,False,False,35,4,266.66666666666663
4743,1969,56242.0,0,1,2013-03-03,72,689,8,167,11,8,88,5,8,4,11,6,0,0,0,0,0,0,3,11,0,False,False,False,False,True,False,False,False,True,False,False,False,False,971,23,266.66666666666663
8805,1960,48904.0,0,1,2012-12-02,1,283,10,38,0,13,27,4,7,2,4,8,0,0,0,0,0,0,3,11,0,False,False,True,False,False,False,False,False,False,True,False,False,False,371,13,266.66666666666663
1542,1975,56243.0,1,2,2013-12-30,26,347,0,35,4,3,7,6,4,2,8,5,0,0,0,0,0,0,3,11,0,False,False,True,False,False,False,False,False,False,True,False,False,False,396,14,266.66666666666663
10475,1970,51381.5,0,1,2013-04-01,39,187,5,65,26,20,14,2,4,2,6,5,0,0,0,0,0,0,3,11,0,False,False,False,True,False,False,False,False,False,False,True,False,False,317,12,266.66666666666663
10420,1955,46390.0,0,1,2014-05-05,56,95,14,64,2,9,38,1,4,2,3,7,0,0,0,0,0,0,3,11,0,False,False,False,True,False,False,False,True,False,False,False,False,False,222,9,266.66666666666663
7514,1956,54342.0,1,1,2013-07-03,74,84,10,34,11,10,28,4,3,1,4,6,0,0,0,0,0,0,3,11,0,True,False,False,False,False,False,False,False,False,False,True,False,False,177,8,266.66666666666663
2902,1958,51381.5,1,1,2012-09-03,87,19,4,12,2,2,6,1,1,0,3,5,0,0,0,0,0,0,3,11,0,False,False,True,False,False,False,False,False,False,False,True,False,False,45,4,266.66666666666663
4345,1964,51381.5,1,1,2014-01-12,49,5,1,9,2,0,4,1,1,0,2,7,0,0,0,0,0,0,3,11,0,True,False,False,False,False,False,False,False,False,True,False,False,False,21,3,266.66666666666663
793,1973,20895.0,1,0,2012-10-06,24,18,3,17,3,0,4,1,2,0,3,9,0,0,0,0,0,0,3,11,0,False,False,True,False,False,False,False,False,True,False,False,False,False,45,5,266.66666666666663
3769,1972,51381.5,1,0,2014-03-02,17,25,1,13,0,0,3,1,1,0,3,7,0,0,0,0,0,0,3,11,0,False,False,False,False,True,False,False,False,False,False,True,False,False,42,4,266.66666666666663
8702,1976,26907.0,1,1,2013-08-20,10,9,1,7,0,3,2,2,1,0,3,7,0,0,0,0,0,0,3,11,0,True,False,False,False,False,False,False,False,False,False,True,False,False,22,4,266.66666666666663
4791,1980,44964.0,1,1,2012-12-16,35,19,1,17,2,0,2,1,1,0,3,8,0,0,0,0,0,0,3,11,0,False,False,True,False,False,False,False,False,False,False,True,False,False,41,4,266.66666666666663
8216,1972,53761.0,1,1,2013-10-11,7,158,0,76,13,7,71,6,4,4,3,5,0,0,0,0,0,0,3,11,0,False,False,False,True,False,False,False,False,True,False,False,False,False,325,11,266.66666666666663
8140,1973,22682.0,1,0,2013-10-03,51,10,14,29,4,2,36,3,2,1,4,4,0,0,0,0,0,0,3,11,0,False,False,True,False,False,False,False,False,False,False,True,False,False,95,7,266.66666666666663
10146,1972,38887.0,1,0,2014-03-02,17,25,1,13,0,0,3,1,1,0,3,7,0,0,0,0,0,0,3,11,0,False,False,False,False,True,False,False,False,False,False,True,False,False,42,4,266.66666666666663
5289,1975,41658.0,1,1,2012-11-09,30,8,4,12,15,4,29,2,1,1,2,4,0,0,0,0,0,0,3,11,0,True,False,False,False,False,False,False,False,False,True,False,False,False,72,4,266.66666666666663
2587,1972,29791.0,1,0,2014-05-15,21,14,0,6,0,0,0,2,2,0,3,5,0,0,0,0,0,0,3,11,0,False,False,False,False,True,False,False,False,True,False,False,False,False,20,5,266.66666666666663
4405,1956,63915.0,0,2,2013-07-30,2,622,7,115,30,0,15,2,6,3,12,5,0,0,0,0,0,0,3,11,0,False,False,False,True,False,False,False,False,True,False,False,False,False,789,21,266.66666666666663
8663,1974,39996.0,1,1,2014-05-22,85,11,0,3,0,0,1,1,1,0,2,6,0,0,0,0,0,0,3,11,0,False,False,True,False,False,False,False,True,False,False,False,False,False,15,3,266.66666666666663
2589,1972,26759.0,1,0,2014-02-07,65,25,3,16,8,5,2,2,2,1,3,6,0,0,0,0,0,0,3,11,0,False,False,True,False,False,False,False,True,False,False,False,False,False,59,6,266.66666666666663
10490,1969,51039.0,1,1,2012-12-10,11,100,64,79,65,0,109,2,6,2,4,7,0,0,0,0,0,0,3,11,0,False,False,False,False,True,False,False,False,True,False,False,False,False,417,12,266.66666666666663
4094,1961,60544.0,1,1,2012-08-25,92,201,2,43,3,5,35,4,5,1,5,6,0,0,0,0,0,0,3,11,0,False,False,True,False,False,False,False,False,True,False,False,False,False,289,11,266.66666666666663
9958,1972,65685.0,0,1,2014-03-29,54,642,14,49,0,7,57,1,9,2,9,5,0,0,0,0,0,0,3,11,0,False,False,True,False,False,False,False,False,True,False,False,False,False,769,20,266.66666666666663
2534,1953,37716.0,0,1,2014-04-21,4,97,1,41,6,2,41,2,4,1,3,7,0,0,0,0,0,0,3,11,0,False,False,True,False,False,False,False,False,True,False,False,False,False,188,8,266.66666666666663
6613,1970,44511.0,1,0,2012-10-12,39,513,7,133,46,14,14,6,8,4,8,8,0,0,0,0,0,0,3,11,0,False,False,False,True,False,False,False,False,True,False,False,False,False,727,20,266.66666666666663
10827,1967,36947.0,1,1,2012-08-07,49,88,3,21,4,1,29,4,3,0,4,9,0,0,0,0,0,0,3,11,0,False,False,False,False,True,False,False,False,True,False,False,False,False,146,7,266.66666666666663
5491,1951,47352.0,0,1,2013-04-11,70,172,12,112,8,0,15,4,6,1,5,7,0,0,0,0,0,0,3,11,0,False,False,False,True,False,False,False,False,False,False,True,False,False,319,12,266.66666666666663
8783,1950,57045.0,0,1,2012-09-08,40,296,13,104,11,13,17,3,4,2,9,3,0,0,0,0,0,0,3,11,0,False,False,True,False,False,False,False,False,True,False,False,False,False,454,15,266.66666666666663
618,1977,69389.0,0,1,2012-09-28,17,422,7,238,69,46,15,1,7,2,12,4,0,0,0,0,0,0,3,11,0,False,False,False,False,True,False,False,False,True,False,False,False,False,797,21,266.66666666666663
361,1969,43142.0,1,1,2014-02-18,84,5,1,7,2,1,4,1,1,0,2,7,0,0,0,0,0,0,3,11,0,False,False,False,True,False,False,False,False,True,False,False,False,False,20,3,266.66666666666663
2678,1990,34412.0,1,0,2013-02-13,62,52,12,50,4,36,55,3,5,0,3,9,0,0,0,0,0,0,3,11,0,False,False,True,False,False,False,False,False,False,True,False,False,False,209,8,266.66666666666663
6376,1979,57537.0,1,0,2013-06-10,83,191,56,139,51,8,100,4,4,3,8,4,0,0,0,0,0,0,3,11,0,False,False,True,False,False,False,False,False,False,True,False,False,False,545,15,266.66666666666663
524,1966,22634.0,0,0,2013-01-16,47,2,23,11,8,6,46,1,2,1,2,8,0,0,0,0,0,0,3,11,0,False,True,False,False,False,False,False,False,False,False,True,False,False,96,5,266.66666666666663
10341,1948,51315.0,0,0,2014-02-23,45,68,28,39,16,30,41,1,2,2,5,2,0,0,0,0,0,0,3,11,0,False,False,True,False,False,False,False,False,False,False,True,False,False,222,9,266.66666666666663
5654,1972,36026.0,2,1,2014-03-16,34,20,4,10,6,4,17,2,2,0,3,6,0,0,0,0,0,0,3,11,0,False,False,True,False,False,False,False,False,True,False,False,False,False,61,5,266.66666666666663
4098,1973,24639.0,1,1,2014-01-28,3,20,3,16,0,4,1,3,2,0,4,6,0,0,0,0,0,0,3,11,0,False,False,True,False,False,False,False,False,True,False,False,False,False,44,6,266.66666666666663
5824,1972,34578.0,2,1,2014-04-11,1,7,0,1,0,0,0,1,1,0,2,6,0,0,0,0,0,0,3,11,0,False,False,False,False,True,False,False,False,False,False,True,False,False,8,3,266.66666666666663
5229,1969,54132.0,0,1,2014-02-16,81,30,1,8,0,0,3,1,1,0,3,7,0,0,0,0,0,0,3,11,0,False,False,False,False,True,False,False,False,False,False,True,False,False,42,4,266.66666666666663
4086,1959,18690.0,0,0,2012-12-28,77,6,1,7,23,4,19,1,1,1,2,8,0,0,0,0,0,0,3,11,0,False,False,True,False,False,False,False,False,True,False,False,False,False,60,4,266.66666666666663
2428,1970,28164.0,1,0,2013-05-04,23,3,18,26,11,8,12,3,2,0,4,7,0,0,0,0,0,0,3,11,0,False,False,True,False,False,False,False,False,True,False,False,False,False,78,6,266.66666666666663
8254,1974,34596.0,1,0,2013-04-13,48,14,0,2,0,0,7,1,1,0,2,8,0,0,0,0,0,0,3,11,0,False,False,False,False,True,False,False,False,True,False,False,False,False,23,3,266.66666666666663
2836,1972,43269.0,1,0,2013-09-16,61,10,1,7,0,0,1,1,1,0,2,8,0,0,0,0,0,0,3,11,0,False,False,False,False,True,False,False,False,True,False,False,False,False,19,3,266.66666666666663
8418,1958,38741.0,1,1,2014-03-30,60,7,10,17,8,6,13,2,2,0,3,7,0,0,0,0,0,0,3,11,0,True,False,False,False,False,False,False,False,False,True,False,False,False,61,5,266.66666666666663
7152,1983,27100.0,1,0,2013-04-05,64,12,0,13,2,0,10,1,1,0,3,7,0,0,0,0,0,0,3,11,0,False,False,False,True,False,False,False,False,True,False,False,False,False,37,4,266.66666666666663
10033,1973,31163.0,1,0,2014-02-13,54,2,3,10,11,2,10,1,1,0,3,6,0,0,0,0,0,0,3,11,0,True,False,False,False,False,False,False,True,False,False,False,False,False,38,4,266.66666666666663
274,1973,34853.0,1,1,2013-12-23,75,9,3,15,2,3,2,2,2,0,3,6,0,0,0,0,0,0,3,11,0,False,False,True,False,False,False,False,False,False,True,False,False,False,34,5,266.66666666666663
3388,1967,70844.0,1,1,2013-10-30,16,129,26,67,3,67,2,5,6,1,5,7,0,0,0,0,0,0,3,11,0,False,False,True,False,False,False,False,True,False,False,False,False,False,294,12,266.66666666666663
8588,1961,60544.0,1,1,2012-08-25,92,201,2,43,3,5,35,4,5,1,5,6,0,0,0,0,0,0,3,11,0,False,False,True,False,False,False,False,False,True,False,False,False,False,289,11,266.66666666666663
2518,1986,20491.0,0,0,2013-01-25,16,5,4,5,4,2,10,1,0,1,2,7,0,0,0,0,0,0,3,11,0,True,False,False,False,False,False,False,False,False,False,True,False,False,30,3,266.66666666666663
574,1964,42523.0,0,0,2014-04-23,96,14,36,11,3,26,35,1,1,1,4,2,0,0,0,0,0,0,3,11,0,False,False,True,False,False,False,False,False,True,False,False,False,False,125,6,266.66666666666663
3220,1983,39922.0,1,0,2013-02-14,30,29,12,59,19,1,36,2,3,0,4,8,0,0,0,0,0,0,3,11,0,False,False,True,False,False,False,False,False,True,False,False,False,False,156,7,266.66666666666663
5967,1952,33402.0,1,1,2013-07-18,60,26,2,19,10,5,8,3,2,1,3,8,0,0,0,0,0,0,3,11,0,False,False,True,False,False,False,False,False,False,False,True,False,False,70,6,266.66666666666663
1183,1949,36408.0,1,1,2013-09-21,11,9,1,4,3,2,3,1,1,0,2,6,0,0,0,0,0,0,3,11,0,False,False,False,True,False,False,False,False,True,False,False,False,False,22,3,266.66666666666663
4682,1958,51876.0,0,0,2013-10-15,88,99,27,102,28,48,6,1,2,2,8,1,0,0,0,0,0,0,3,11,0,False,False,True,False,False,False,False,False,True,False,False,False,False,310,12,266.66666666666663
1927,1973,69401.0,0,1,2014-03-23,41,399,27,159,58,8,39,4,4,4,5,2,0,0,0,0,0,0,3,11,0,True,False,False,False,False,False,False,False,False,False,True,False,False,690,13,266.66666666666663
5788,1972,46053.0,1,0,2013-02-17,46,56,10,92,19,7,25,3,3,2,4,5,0,0,0,0,0,0,3,11,0,False,False,True,False,False,False,False,False,False,False,True,False,False,209,9,266.66666666666663
5975,1967,40304.0,1,0,2013-09-30,82,37,0,17,0,0,3,1,2,0,3,7,0,0,0,0,0,0,3,11,0,False,False,False,False,True,False,False,False,False,True,False,False,False,57,5,266.66666666666663
6875,1965,32727.0,0,0,2012-08-28,38,167,13,180,86,13,70,2,7,3,5,8,0,0,0,0,0,0,3,11,0,False,False,False,False,True,False,False,False,False,False,True,False,False,529,15,266.66666666666663
4399,1969,68695.0,0,0,2014-06-25,3,458,81,356,106,50,40,1,4,4,7,2,0,0,0,0,0,0,3,11,0,False,False,True,False,False,False,False,False,False,False,True,False,False,1091,15,266.66666666666663
2157,1972,26290.0,1,1,2013-01-12,49,15,8,16,11,5,22,4,2,0,4,6,0,0,0,0,0,0,3,11,0,False,False,True,False,False,False,False,False,False,False,True,False,False,77,6,266.66666666666663
10403,1978,16531.0,1,0,2014-06-18,43,2,13,6,7,5,11,3,3,0,3,7,0,0,0,0,0,0,3,11,0,False,False,True,False,False,False,False,False,False,False,True,False,False,44,6,266.66666666666663
5074,1986,28072.0,1,0,2013-07-08,10,30,0,10,2,0,5,1,1,0,3,7,0,0,0,0,0,0,3,11,0,False,False,False,True,False,False,False,False,True,False,False,False,False,47,4,266.66666666666663
4690,1953,50725.0,0,1,2013-02-13,45,443,10,75,0,10,48,4,8,1,8,8,0,0,0,0,0,0,3,11,0,False,False,True,False,False,False,False,False,True,False,False,False,False,586,17,266.66666666666663
7196,1950,41145.0,1,1,2014-02-08,20,9,0,3,0,0,1,1,0,0,3,3,0,0,0,0,0,0,3,11,0,False,False,False,False,True,False,False,False,True,False,False,False,False,13,3,266.66666666666663
9672,1970,23162.0,1,1,2013-12-21,82,8,3,9,19,4,22,3,1,1,3,6,0,0,0,0,0,0,3,11,0,True,False,False,False,False,False,False,False,True,False,False,False,False,65,5,266.66666666666663
4864,1977,34380.0,1,0,2013-05-02,68,72,7,58,13,1,24,4,4,1,3,8,0,0,0,0,0,0,3,11,0,False,False,True,False,False,False,False,False,True,False,False,False,False,175,8,266.66666666666663
4706,1966,34704.0,0,1,2013-04-27,65,29,0,5,0,1,5,1,1,0,3,5,0,0,0,0,0,0,3,11,0,False,False,True,False,False,False,False,False,False,True,False,False,False,40,4,266.66666666666663
3697,1954,39898.0,0,1,2013-02-12,20,69,8,26,12,7,12,2,3,0,4,7,0,0,0,0,0,0,3,11,0,False,False,True,False,False,False,False,False,False,False,True,False,False,134,7,266.66666666666663
4220,1970,59892.0,0,1,2013-11-02,26,73,0,13,0,1,0,1,2,1,3,3,0,0,0,0,0,0,3,11,0,False,False,False,False,True,False,False,False,True,False,False,False,False,87,6,266.66666666666663
5286,1987,41020.0,0,0,2013-10-28,68,112,1,54,7,7,36,1,3,2,4,3,0,0,0,0,0,0,3,11,0,False,False,False,True,False,False,False,False,False,True,False,False,False,217,9,266.66666666666663
7787,1960,62807.0,0,1,2012-08-31,83,526,28,135,10,21,99,3,5,3,12,5,0,0,0,0,0,0,3,11,0,False,False,True,False,False,False,False,False,False,False,True,False,False,819,20,266.66666666666663
3102,1981,19414.0,1,0,2013-10-16,32,2,3,12,3,5,7,1,1,0,3,8,0,0,0,0,0,0,3,11,0,True,False,False,False,False,False,False,False,False,False,True,False,False,32,4,266.66666666666663
5868,1980,19107.0,1,0,2013-08-22,49,2,4,9,10,5,16,2,1,0,3,7,0,0,0,0,0,0,3,11,0,False,False,True,False,False,False,False,False,True,False,False,False,False,46,4,266.66666666666663
9988,1976,70379.0,0,1,2013-03-03,84,553,25,142,65,67,8,3,6,3,13,4,0,0,0,0,0,0,3,11,0,False,False,False,True,False,False,False,False,False,True,False,False,False,860,22,266.66666666666663
5763,1972,49854.0,1,0,2013-11-10,63,123,17,171,39,0,30,5,6,2,5,6,0,0,0,0,0,0,3,11,0,False,False,False,True,False,False,False,False,False,False,True,False,False,380,13,266.66666666666663
7494,1950,42873.0,1,1,2013-01-21,11,209,0,40,3,2,15,4,6,1,4,8,0,0,0,0,0,0,3,11,0,False,False,False,False,True,False,False,True,False,False,False,False,False,269,11,266.66666666666663
2005,1990,35765.0,1,0,2013-12-11,86,22,3,30,0,5,15,2,2,0,4,6,0,0,0,0,0,0,3,11,0,False,False,True,False,False,False,False,False,True,False,False,False,False,75,6,266.66666666666663
6885,1977,32952.0,1,0,2013-12-01,36,38,0,12,3,1,1,1,2,0,3,7,0,0,0,0,0,0,3,11,0,False,False,True,False,False,False,False,True,False,False,False,False,False,55,5,266.66666666666663
5751,1973,31163.0,1,0,2014-02-13,54,2,3,10,11,2,10,1,1,0,3,6,0,0,0,0,0,0,3,11,0,True,False,False,False,False,False,False,True,False,False,False,False,False,38,4,266.66666666666663
10128,1958,53977.0,0,1,2013-06-08,21,620,16,165,0,24,82,5,5,5,12,5,0,0,0,0,0,0,3,11,0,False,False,True,False,False,False,False,False,False,False,True,False,False,907,22,266.66666666666663
9,1975,46098.0,1,1,2012-08-18,86,57,0,27,0,0,36,4,3,2,2,8,0,0,0,0,0,0,3,11,0,False,False,False,True,False,False,False,False,False,True,False,False,False,120,7,266.66666666666663
2853,1980,51766.0,1,0,2014-03-11,74,60,51,87,6,20,51,2,4,2,4,5,0,0,0,0,0,0,3,11,0,False,False,True,False,False,False,False,False,False,True,False,False,False,275,10,266.66666666666663
1490,1962,55759.0,0,1,2012-11-28,84,675,0,85,10,7,77,5,10,3,8,8,0,0,0,0,0,0,3,11,0,False,False,True,False,False,False,False,False,True,False,False,False,False,854,21,266.66666666666663
6310,1978,33039.0,1,0,2013-09-09,4,30,8,12,8,8,12,1,2,0,4,5,0,0,0,0,0,0,3,11,0,False,False,True,False,False,False,False,False,True,False,False,False,False,78,6,266.66666666666663
10380,1972,37787.0,1,0,2013-09-20,50,40,1,40,4,3,18,1,3,0,3,8,0,0,0,0,0,0,3,11,0,False,False,False,True,False,False,False,False,True,False,False,False,False,106,6,266.66666666666663
1998,1976,37697.0,1,0,2014-02-07,82,34,6,21,11,4,8,1,2,1,3,6,0,0,0,0,0,0,3,11,0,False,False,True,False,False,False,False,False,False,True,False,False,False,84,6,266.66666666666663
10795,1973,37401.0,1,0,2014-05-06,14,19,3,19,3,1,3,2,2,0,3,7,0,0,0,0,0,0,3,11,0,False,False,False,False,True,False,False,False,True,False,False,False,False,48,5,266.66666666666663
7998,1958,28087.0,1,1,2012-12-11,77,53,8,17,13,0,21,3,2,2,2,7,0,0,0,0,0,0,3,11,0,False,False,True,False,False,False,False,False,False,False,True,False,False,112,6,266.66666666666663
3536,1960,19740.0,0,1,2013-03-24,65,7,11,3,10,4,20,2,1,1,3,5,0,0,0,0,0,0,3,11,0,False,False,True,False,False,False,False,False,False,False,True,False,False,55,5,266.66666666666663
3463,1975,69283.0,0,1,2014-06-14,41,674,62,134,0,26,8,4,7,3,13,5,0,0,0,0,0,0,3,11,0,False,False,False,False,True,False,False,False,True,False,False,False,False,904,23,266.66666666666663
3745,1988,23331.0,1,0,2012-09-04,92,5,36,7,0,10,45,2,3,0,3,8,0,0,0,0,0,0,3,11,0,True,False,False,False,False,False,False,False,True,False,False,False,False,103,6,266.66666666666663
9771,1988,23331.0,1,0,2012-10-05,97,104,20,101,24,15,5,6,5,1,5,9,0,0,0,0,0,0,3,11,0,True,False,False,False,False,False,False,False,False,True,False,False,False,269,11,266.66666666666663
451,1989,9255.0,1,0,2013-12-20,91,9,0,7,2,0,4,1,1,1,2,8,0,0,0,0,0,0,3,11,0,False,False,True,False,False,False,False,False,False,True,False,False,False,22,4,266.66666666666663
8920,1967,59235.0,1,0,2013-01-12,4,448,40,469,80,0,91,3,11,2,12,7,0,0,0,0,0,0,3,11,0,False,False,False,True,False,False,False,False,False,True,False,False,False,1128,25,266.66666666666663
6678,1989,31928.0,1,0,2014-03-28,5,33,4,24,4,2,5,2,3,0,4,7,0,0,0,0,0,0,3,11,0,False,False,True,False,False,False,False,False,False,False,True,False,False,72,7,266.66666666666663
3852,1961,74881.0,1,1,2013-03-08,48,505,72,270,36,27,54,4,9,2,12,5,0,0,0,0,0,0,3,11,0,False,False,False,True,False,False,False,False,False,False,True,False,False,964,23,266.66666666666663
73,1953,51411.0,1,2,2013-05-26,81,14,0,3,0,0,1,1,0,0,3,5,0,0,0,0,0,0,3,11,0,False,False,False,False,True,False,False,False,False,True,False,False,False,18,3,266.66666666666663
5589,1964,51983.0,0,1,2012-08-31,95,631,0,115,10,7,30,3,9,2,10,7,0,0,0,0,0,0,3,11,0,False,False,True,False,False,False,False,True,False,False,False,False,False,793,21,266.66666666666663
10212,1986,42386.0,1,0,2013-01-13,43,65,4,16,0,4,11,1,3,0,3,8,0,0,0,0,0,0,3,11,0,False,False,False,True,False,False,False,False,False,False,True,False,False,100,6,266.66666666666663
6365,1987,30390.0,0,0,2013-09-02,5,10,12,12,25,1,20,1,2,0,3,6,0,0,0,0,0,0,3,11,0,True,False,False,False,False,False,False,False,True,False,False,False,False,80,5,266.66666666666663
591,1957,66033.0,0,1,2013-01-20,76,293,35,179,46,59,65,2,8,3,7,7,0,0,0,0,0,0,3,11,0,False,False,True,False,False,False,False,False,False,False,False,True,False,677,18,266.66666666666663
2217,1975,37284.0,1,1,2013-03-29,46,11,1,2,2,1,6,1,0,0,3,6,0,0,0,0,0,0,3,11,0,True,False,False,False,False,False,False,False,True,False,False,False,False,23,3,266.66666666666663
2544,1951,57530.0,0,1,2013-10-12,68,50,1,27,6,7,1,1,1,1,4,1,0,0,0,0,0,0,3,11,0,False,False,False,True,False,False,False,True,False,False,False,False,False,92,6,266.66666666666663
7725,1965,76800.0,0,0,2014-03-08,33,173,26,255,35,71,81,1,4,4,7,1,0,0,0,0,0,0,3,11,0,True,False,False,False,False,False,False,False,True,False,False,False,False,641,15,266.66666666666663
5462,1974,67445.0,0,1,2012-08-12,63,757,80,217,29,80,11,5,9,6,12,6,0,0,0,0,0,0,3,11,0,False,False,True,False,False,False,False,False,True,False,False,False,False,1174,27,266.66666666666663
7791,1967,37054.0,1,1,2013-09-15,89,12,1,6,0,1,5,2,1,0,3,7,0,0,0,0,0,0,3,11,0,False,False,False,True,False,False,False,False,True,False,False,False,False,25,4,266.66666666666663
4037,1976,31859.0,1,0,2013-06-14,77,3,1,3,8,0,5,1,1,0,2,7,0,0,0,0,0,0,3,11,0,False,False,True,False,False,False,False,True,False,False,False,False,False,20,3,266.66666666666663
6642,1961,27215.0,2,1,2013-01-23,50,30,5,22,8,9,28,4,2,1,4,6,0,0,0,0,0,0,3,11,0,False,False,True,False,False,False,False,True,False,False,False,False,False,102,7,266.66666666666663
5424,1983,39922.0,1,0,2013-02-14,30,29,12,59,19,1,36,2,3,0,4,8,0,0,0,0,0,0,3,11,0,False,False,True,False,False,False,False,False,True,False,False,False,False,156,7,266.66666666666663
879,1976,49681.0,0,2,2013-11-04,66,411,0,26,0,0,21,6,7,1,7,7,0,0,0,0,0,0,3,11,0,False,False,False,True,False,False,False,False,True,False,False,False,False,458,15,266.66666666666663
9530,1988,24645.0,1,0,2012-11-01,16,5,3,4,4,1,0,1,1,0,2,8,0,0,0,0,0,0,3,11,0,False,False,True,False,False,False,False,False,True,False,False,False,False,17,3,266.66666666666663
10699,1985,44322.0,1,0,2014-06-16,30,46,0,40,3,0,3,2,3,0,3,8,0,0,0,0,0,0,3,11,0,False,False,True,False,False,False,False,False,True,False,False,False,False,92,6,266.66666666666663
1497,1952,47958.0,0,1,2013-01-19,8,268,11,88,15,3,22,2,6,3,5,5,0,0,0,0,0,0,3,11,0,False,False,True,False,False,False,False,False,False,True,False,False,False,407,14,266.66666666666663
8135,1986,27161.0,1,0,2013-10-28,41,7,4,23,7,0,11,1,1,0,3,7,0,0,0,0,0,0,3,11,0,False,False,False,True,False,False,False,False,True,False,False,False,False,52,4,266.66666666666663
4967,1960,38201.0,0,1,2013-03-29,19,233,0,23,0,0,12,4,5,1,5,8,0,0,0,0,0,0,3,11,0,False,False,False,False,True,False,False,False,False,False,True,False,False,268,11,266.66666666666663
8175,1992,34935.0,0,0,2013-06-21,71,34,4,66,3,10,20,1,2,1,4,7,0,0,0,0,0,0,3,11,0,False,False,True,False,False,False,False,False,True,False,False,False,False,137,7,266.66666666666663
6257,1976,60482.0,0,1,2013-01-23,81,255,43,134,37,14,24,1,7,2,7,7,0,0,0,0,0,0,3,11,0,False,False,False,True,False,False,False,False,False,True,False,False,False,507,16,266.66666666666663
3790,1956,34633.0,2,1,2014-01-23,31,8,1,5,0,0,1,1,1,0,2,6,0,0,0,0,0,0,3,11,0,False,False,True,False,False,False,False,False,False,False,True,False,False,15,3,266.66666666666663
5223,1966,45903.0,0,1,2014-04-23,80,33,8,10,2,10,3,2,2,1,3,4,0,0,0,0,0,0,3,11,0,False,False,False,True,False,False,False,False,False,False,True,False,False,66,6,266.66666666666663
2471,1965,61482.0,0,0,2014-06-27,39,48,58,68,16,66,43,1,3,2,6,2,0,0,0,0,0,0,3,11,0,False,False,True,False,False,False,False,False,True,False,False,False,False,299,11,266.66666666666663
4971,1962,31497.0,0,1,2012-12-06,22,108,1,28,13,1,4,2,3,1,4,8,0,0,0,0,0,0,3,11,0,False,False,False,False,True,False,False,False,False,False,True,False,False,155,8,266.66666666666663
2262,1965,45143.0,0,1,2013-08-26,74,202,5,74,11,5,14,3,6,1,5,7,0,0,0,0,0,0,3,11,0,False,False,False,True,False,False,False,False,False,False,True,False,False,311,12,266.66666666666663
1131,1967,52569.0,0,1,2014-04-05,54,85,0,3,0,0,7,1,2,0,4,3,0,0,0,0,0,0,3,11,0,False,False,False,False,True,False,False,False,False,True,False,False,False,95,6,266.66666666666663
24,1960,17144.0,1,1,2014-02-15,96,18,2,19,0,2,6,5,3,0,4,7,0,0,0,0,0,0,3,11,0,False,False,False,True,False,False,False,False,False,False,True,False,False,47,7,266.66666666666663
7943,1975,36663.0,1,0,2014-04-25,40,18,0,6,3,3,5,1,1,1,3,2,0,0,0,0,0,0,3,11,0,False,False,False,False,True,False,False,False,True,False,False,False,False,35,5,266.66666666666663
5272,1965,53843.0,0,1,2013-06-27,64,378,0,88,19,4,73,4,8,5,3,7,0,0,0,0,0,0,3,11,0,False,False,False,True,False,False,False,False,True,False,False,False,False,562,16,266.66666666666663
800,1960,44512.0,1,1,2013-08-30,57,23,1,6,0,0,2,2,1,0,3,4,0,0,0,0,0,0,3,11,0,False,False,True,False,False,False,False,False,False,False,True,False,False,32,4,266.66666666666663
11092,1961,27116.0,1,1,2014-03-02,78,12,1,21,2,2,3,2,2,0,3,7,0,0,0,0,0,0,3,11,0,False,False,True,False,False,False,False,False,True,False,False,False,False,41,5,266.66666666666663
5062,1963,54072.0,1,1,2013-07-27,71,35,0,4,0,0,0,1,2,0,2,8,0,0,0,0,0,0,3,11,0,False,False,False,False,True,False,False,False,True,False,False,False,False,39,4,266.66666666666663
4480,1973,60432.0,0,1,2014-03-09,61,365,3,15,4,3,11,5,7,2,5,6,0,0,0,0,0,0,3,11,0,False,False,False,True,False,False,False,False,True,False,False,False,False,401,14,266.66666666666663
9971,1964,65526.0,0,1,2014-04-11,22,397,19,69,12,0,9,1,4,4,8,2,0,0,0,0,0,0,3,11,0,False,False,False,False,True,False,False,False,True,False,False,False,False,506,16,266.66666666666663
1773,1978,12393.0,0,0,2012-12-04,38,5,6,15,11,7,13,1,2,0,3,9,0,0,0,0,0,0,3,11,0,True,False,False,False,False,False,False,False,True,False,False,False,False,57,5,266.66666666666663
1764,1975,33955.0,1,0,2013-08-09,92,100,2,128,23,7,10,4,5,1,5,8,0,0,0,0,0,0,3,11,0,False,False,True,False,False,False,False,False,False,True,False,False,False,270,11,266.66666666666663
5423,1983,28359.0,1,0,2013-10-27,35,6,0,5,2,1,2,1,1,0,2,7,0,0,0,0,0,0,3,11,0,False,False,True,False,False,False,False,False,False,False,True,False,False,16,3,266.66666666666663
940,1987,57100.0,1,0,2014-05-18,9,158,11,99,15,11,17,2,3,2,7,3,0,0,0,0,0,0,3,11,0,False,False,True,False,False,False,False,False,False,True,False,False,False,311,12,266.66666666666663
3011,1965,69139.0,0,1,2014-01-27,23,86,12,75,33,15,6,1,4,1,5,4,0,0,0,0,0,0,3,11,0,False,False,True,False,False,False,False,False,True,False,False,False,False,227,10,266.66666666666663
9668,1971,18793.0,1,0,2013-01-12,14,4,16,20,0,17,20,3,2,0,4,8,0,0,0,0,0,0,3,11,0,False,False,True,False,False,False,False,False,True,False,False,False,False,77,6,266.66666666666663
7019,1963,54414.0,1,1,2013-01-23,49,109,18,16,24,26,18,4,3,1,5,4,0,0,0,0,0,0,3,11,0,False,False,True,False,False,False,False,False,False,False,True,False,False,211,9,266.66666666666663
7408,1952,54549.0,0,1,2014-03-03,8,216,2,6,0,0,9,2,5,1,4,7,0,0,0,0,0,0,3,11,0,False,False,False,False,True,False,False,False,True,False,False,False,False,233,10,266.66666666666663
3276,1976,36301.0,1,0,2013-10-25,53,11,12,35,3,5,12,1,3,0,3,7,0,0,0,0,0,0,3,11,0,True,False,False,False,False,False,False,False,False,False,True,False,False,78,6,266.66666666666663
3570,1969,42731.0,1,0,2013-10-21,64,159,2,51,6,2,24,3,4,1,5,5,0,0,0,0,0,0,3,11,0,False,False,False,False,True,False,False,False,False,False,True,False,False,244,10,266.66666666666663
3783,1959,52854.0,1,1,2014-03-24,43,105,0,10,0,1,0,2,2,1,4,5,0,0,0,0,0,0,3,11,0,False,False,False,False,True,False,False,False,True,False,False,False,False,116,7,266.66666666666663
10207,1978,22775.0,1,0,2013-06-19,40,5,1,8,0,0,1,1,1,0,2,8,0,0,0,0,0,0,3,11,0,False,False,True,False,False,False,False,False,False,False,True,False,False,15,3,266.66666666666663
10906,1948,46681.0,0,2,2013-10-08,52,269,15,69,15,19,38,2,4,6,4,5,0,0,0,0,0,0,3,11,0,False,False,False,False,True,False,False,False,False,False,True,False,False,425,14,266.66666666666663
3427,1955,59821.0,0,1,2013-04-12,11,629,0,70,0,0,35,6,11,2,7,8,0,0,0,0,0,0,3,11,0,False,False,False,False,True,False,False,False,True,False,False,False,False,734,20,266.66666666666663
5209,1954,50002.0,0,1,2013-06-17,21,443,5,71,21,16,82,2,8,2,7,7,0,0,0,0,0,0,3,11,0,False,False,True,False,False,False,False,True,False,False,False,False,False,638,17,266.66666666666663
10711,1945,69755.0,0,0,2013-10-02,23,217,77,373,111,23,93,1,3,6,12,1,0,0,0,0,0,0,3,11,0,False,False,True,False,False,False,False,False,True,False,False,False,False,894,21,266.66666666666663
10785,1969,44078.0,1,1,2014-06-19,17,24,1,10,2,0,4,2,2,0,3,5,0,0,0,0,0,0,3,11,0,False,False,True,False,False,False,False,False,True,False,False,False,False,41,5,266.66666666666663
2814,1976,30560.0,1,0,2013-06-27,6,9,1,5,4,5,7,1,1,0,3,7,0,0,0,0,0,0,3,11,0,False,False,False,True,False,False,False,False,False,False,True,False,False,31,4,266.66666666666663
6866,1969,35924.0,1,1,2014-03-23,56,8,0,14,2,3,7,1,1,0,3,5,0,0,0,0,0,0,3,11,0,False,False,False,True,False,False,False,False,False,False,True,False,False,34,4,266.66666666666663
3829,1979,24594.0,1,0,2013-12-10,94,1,3,6,10,0,9,1,1,0,3,5,0,0,0,0,0,0,3,11,0,False,True,False,False,False,False,False,False,False,False,True,False,False,29,4,266.66666666666663
10141,1960,39228.0,0,0,2013-05-10,1,7,1,6,0,3,3,1,0,0,3,4,0,0,0,0,0,0,3,11,0,False,False,False,True,False,False,False,True,False,False,False,False,False,20,3,266.66666666666663
5177,1974,58494.0,0,1,2013-12-12,56,298,7,68,4,0,19,2,6,2,6,6,0,0,0,0,0,0,3,11,0,False,False,False,True,False,False,False,False,True,False,False,False,False,396,14,266.66666666666663
7485,1950,56551.0,1,1,2014-05-07,48,67,4,32,17,2,16,3,2,1,4,4,0,0,0,0,0,0,3,11,0,False,False,False,False,True,False,False,False,False,False,False,True,False,138,7,266.66666666666663
8079,1982,22448.0,1,0,2014-02-26,86,3,1,8,23,2,18,3,2,1,3,3,0,0,0,0,0,0,3,11,0,False,False,True,False,False,False,False,False,True,False,False,False,False,55,6,266.66666666666663
13,1947,25358.0,0,1,2013-07-22,57,19,0,5,0,0,8,2,1,0,3,6,0,0,0,0,0,0,3,11,0,False,False,False,False,True,False,False,False,False,False,False,True,False,32,4,266.66666666666663
1834,1978,35544.0,1,0,2014-03-08,77,30,5,23,4,1,4,1,2,0,3,7,0,0,0,0,0,0,3,11,0,False,False,False,True,False,False,False,False,False,True,False,False,False,67,5,266.66666666666663
2285,1954,36634.0,0,1,2013-05-28,0,213,9,76,4,3,30,3,5,2,5,7,0,0,0,0,0,0,3,11,0,False,False,False,True,False,False,False,False,False,False,True,False,False,335,12,266.66666666666663
2295,1954,62670.0,0,1,2014-02-02,57,539,30,92,80,46,38,1,5,3,13,3,0,0,0,0,0,0,3,11,0,False,False,False,False,True,False,False,False,True,False,False,False,False,825,21,266.66666666666663
1404,1968,34916.0,2,0,2013-05-15,89,51,23,82,33,0,42,4,5,1,3,9,0,0,0,0,0,0,3,11,0,False,False,True,False,False,False,False,False,False,False,True,False,False,231,9,266.66666666666663
6457,1976,64892.0,0,1,2014-05-29,77,527,24,230,32,24,65,2,6,4,12,4,0,0,0,0,0,0,3,11,0,False,False,True,False,False,False,False,True,False,False,False,False,False,902,22,266.66666666666663
2639,1966,43602.0,1,1,2014-01-10,45,19,5,12,10,3,19,3,3,1,2,6,0,0,0,0,0,0,3,11,0,False,False,True,False,False,False,False,False,False,True,False,False,False,68,6,266.66666666666663
8299,1989,33996.0,0,0,2013-09-11,46,40,2,15,8,0,6,1,1,1,3,4,0,0,0,0,0,0,3,11,0,False,False,False,False,True,False,False,False,False,True,False,False,False,71,5,266.66666666666663
6437,1985,41473.0,1,0,2013-06-19,80,21,8,20,15,3,9,1,2,0,3,7,0,0,0,0,0,0,3,11,0,True,False,False,False,False,False,False,False,False,True,False,False,False,76,5,266.66666666666663
6912,1967,63246.0,0,2,2013-08-20,60,593,30,91,29,22,7,1,6,3,12,4,0,0,0,0,0,0,3,11,0,False,False,False,False,True,False,False,False,True,False,False,False,False,772,21,266.66666666666663
7327,1959,36732.0,1,1,2013-12-29,71,21,5,3,10,1,7,3,1,1,4,2,0,0,0,0,0,0,3,11,0,False,False,False,False,True,False,False,False,True,False,False,False,False,47,6,266.66666666666663
4712,1991,20193.0,0,0,2012-11-28,18,8,8,22,24,11,9,1,1,1,4,4,0,0,0,0,0,0,3,11,0,True,False,False,False,False,False,False,False,False,False,True,False,False,82,6,266.66666666666663
1170,1975,27573.0,1,0,2013-03-25,45,50,15,110,39,15,15,4,5,1,4,8,0,0,0,0,0,0,3,11,0,False,False,True,False,False,False,False,False,True,False,False,False,False,244,10,266.66666666666663
6347,1979,15862.0,1,0,2013-06-27,26,1,1,4,11,9,10,1,1,0,3,8,0,0,0,0,0,0,3,11,0,False,True,False,False,False,False,False,False,False,True,False,False,False,36,4,266.66666666666663
4065,1976,49544.0,1,0,2013-02-12,0,308,0,73,0,0,23,2,5,1,8,7,0,0,0,0,0,0,3,11,0,False,False,False,False,True,False,False,False,True,False,False,False,False,404,14,266.66666666666663
8230,1980,33228.0,1,0,2014-01-23,28,22,2,31,7,4,5,1,2,0,3,7,0,0,0,0,0,0,3,11,0,False,False,True,False,False,False,False,False,True,False,False,False,False,71,5,266.66666666666663
5939,1971,38232.0,1,1,2014-01-17,84,43,5,28,7,6,33,4,3,1,3,5,0,0,0,0,0,0,3,11,0,False,False,True,False,False,False,False,False,False,False,True,False,False,122,7,266.66666666666663
2156,1955,22554.0,1,1,2012-11-03,38,27,0,10,0,0,4,4,2,0,4,5,0,0,0,0,0,0,3,11,0,False,False,False,False,True,False,False,False,True,False,False,False,False,41,6,266.66666666666663
7788,1983,23536.0,1,0,2014-06-04,53,6,0,3,0,0,1,1,0,0,3,3,0,0,0,0,0,0,3,11,0,False,False,False,False,True,False,False,False,True,False,False,False,False,10,3,266.66666666666663
10323,1952,49413.0,0,1,2013-10-25,88,205,7,41,3,2,46,2,4,2,5,5,0,0,0,0,0,0,3,11,0,False,False,True,False,False,False,False,False,True,False,False,False,False,304,11,266.66666666666663
7947,1969,42231.0,1,1,2014-03-25,99,24,0,8,0,1,4,1,1,0,3,5,0,0,0,0,0,0,3,11,0,False,False,True,False,False,False,False,False,True,False,False,False,False,37,4,266.66666666666663
9256,1971,58350.0,0,1,2013-01-04,5,493,26,206,116,80,80,4,8,3,12,6,0,0,0,0,0,0,3,11,0,False,False,True,False,False,False,False,False,False,True,False,False,False,1001,23,266.66666666666663
7397,1951,49090.0,0,1,2013-07-19,45,494,5,82,7,0,100,3,7,2,9,7,0,0,0,0,0,0,3,11,0,False,False,True,False,False,False,False,False,False,True,False,False,False,688,18,266.66666666666663
6349,1987,61787.0,0,0,2013-07-06,71,621,73,414,78,48,85,1,8,4,6,5,0,0,0,0,0,0,3,11,0,False,False,False,True,False,False,False,True,False,False,False,False,False,1319,18,266.66666666666663
10790,1985,18169.0,1,0,2013-02-19,40,9,0,5,0,0,7,1,1,0,2,8,0,0,0,0,0,0,3,11,0,False,False,False,False,True,False,False,False,True,False,False,False,False,21,3,266.66666666666663
10398,1981,24336.0,1,0,2012-08-27,82,1,6,2,8,2,12,1,1,0,2,7,0,0,0,0,0,0,3,11,0,True,False,False,False,False,False,False,False,False,True,False,False,False,31,3,266.66666666666663
2431,1990,18222.0,0,0,2012-12-31,70,12,4,19,12,6,14,1,2,0,3,8,0,0,0,0,0,0,3,11,0,False,False,True,False,False,False,False,False,True,False,False,False,False,67,5,266.66666666666663
1890,1971,42033.0,1,1,2012-09-19,95,11,1,4,2,0,7,1,1,0,2,7,0,0,0,0,0,0,3,11,0,True,False,False,False,False,False,False,False,False,False,True,False,False,25,3,266.66666666666663
10356,1957,41437.0,1,1,2012-09-22,5,29,0,2,0,0,1,1,1,0,3,7,0,0,0,0,0,0,3,11,0,False,False,False,False,True,False,False,True,False,False,False,False,False,32,4,266.66666666666663
3565,1955,38452.0,1,1,2014-03-30,62,56,0,14,0,0,2,3,3,0,3,7,0,0,0,0,0,0,3,11,0,False,False,False,True,False,False,False,False,True,False,False,False,False,72,6,266.66666666666663
5294,1989,18358.0,1,0,2013-11-20,49,6,8,19,16,4,4,3,3,0,4,7,0,0,0,0,0,0,3,11,0,False,False,True,False,False,False,False,False,False,True,False,False,False,57,7,266.66666666666663
1958,1973,55012.0,0,1,2014-03-21,85,582,0,65,0,0,13,6,8,2,9,5,0,0,0,0,0,0,3,11,0,False,False,False,False,True,False,False,False,False,False,True,False,False,660,19,266.66666666666663
8799,1984,38175.0,1,0,2013-09-23,6,70,6,69,2,3,3,3,3,1,4,7,0,0,0,0,0,0,3,11,0,False,False,False,False,True,False,False,False,True,False,False,False,False,153,8,266.66666666666663
1045,1965,52117.0,0,1,2012-08-16,55,112,10,107,30,0,20,2,5,2,4,7,0,0,0,0,0,0,3,11,0,False,False,True,False,False,False,False,False,False,False,True,False,False,279,11,266.66666666666663
8070,1973,54222.0,0,1,2014-03-01,98,199,12,31,3,12,7,1,3,3,5,3,0,0,0,0,0,0,3,11,0,False,False,False,False,True,False,False,False,True,False,False,False,False,264,11,266.66666666666663
2202,1978,41154.0,0,1,2013-04-09,98,44,2,11,2,3,7,1,1,0,4,5,0,0,0,0,0,0,3,11,0,False,False,True,False,False,False,False,False,False,False,True,False,False,69,5,266.66666666666663
4055,1992,18746.0,1,0,2014-05-29,41,2,10,11,12,9,20,2,3,0,3,6,0,0,0,0,0,0,3,11,0,False,True,False,False,False,False,False,False,False,True,False,False,False,64,6,266.66666666666663
10091,1956,60230.0,0,1,2013-05-20,78,520,20,367,39,81,40,2,6,3,6,5,0,0,0,0,0,0,3,11,0,False,False,True,False,False,False,False,False,False,True,False,False,False,1067,15,266.66666666666663
7629,1977,22108.0,1,1,2014-05-08,46,5,3,9,6,2,6,2,2,0,3,7,0,0,0,0,0,0,3,11,0,False,False,True,False,False,False,False,False,True,False,False,False,False,31,5,266.66666666666663
10640,1974,44392.0,1,1,2013-09-05,71,87,5,71,7,12,29,5,4,1,4,7,0,0,0,0,0,0,3,11,0,False,False,True,False,False,False,False,False,False,False,True,False,False,211,9,266.66666666666663
1744,1965,23529.0,0,1,2013-01-07,67,9,7,13,3,2,20,1,1,1,2,6,0,0,0,0,0,0,3,11,0,False,True,False,False,False,False,False,False,False,True,False,False,False,54,4,266.66666666666663
1000,1961,74881.0,1,1,2013-03-08,48,505,72,270,36,27,54,4,9,2,12,5,0,0,0,0,0,0,3,11,0,False,False,False,True,False,False,False,False,False,False,True,False,False,964,23,266.66666666666663
8605,1964,46910.0,1,1,2014-03-23,36,48,0,14,0,0,6,2,2,0,3,6,0,0,0,0,0,0,3,11,0,False,False,False,False,True,False,False,False,False,False,True,False,False,68,5,266.66666666666663
10304,1959,18690.0,0,0,2012-12-28,77,6,1,7,23,4,19,1,1,1,2,8,0,0,0,0,0,0,3,11,0,False,False,True,False,False,False,False,False,True,False,False,False,False,60,4,266.66666666666663
7500,1967,79146.0,1,1,2014-04-24,33,245,16,223,21,43,16,2,8,1,8,6,0,0,0,0,0,0,3,11,0,False,False,True,False,False,False,False,False,False,True,False,False,False,564,17,266.66666666666663
1064,1971,42403.0,1,0,2013-12-11,18,22,1,11,0,5,3,1,1,0,3,8,0,0,0,0,0,0,3,11,0,False,False,False,False,True,False,False,False,True,False,False,False,False,42,4,266.66666666666663
7610,1983,37292.0,1,0,2013-04-18,32,275,0,86,10,23,66,5,6,3,5,8,0,0,0,0,0,0,3,11,0,False,False,True,False,False,False,False,False,False,False,True,False,False,460,14,266.66666666666663
9710,1969,58086.0,0,1,2013-01-20,80,708,7,62,0,0,15,2,11,3,7,8,0,0,0,0,0,0,3,11,0,False,False,False,False,True,False,False,True,False,False,False,False,False,792,21,266.66666666666663
10250,1947,28389.0,0,0,2012-11-20,49,1,5,3,7,4,8,1,1,0,2,7,0,0,0,0,0,0,3,11,0,False,True,False,False,False,False,False,False,False,False,True,False,False,28,3,266.66666666666663
7807,1974,44989.0,0,1,2012-09-12,26,98,0,106,49,10,106,5,5,1,5,6,0,0,0,0,0,0,3,11,0,False,False,True,False,False,False,False,False,True,False,False,False,False,369,11,266.66666666666663
3878,1980,31859.0,1,0,2014-02-27,3,3,4,7,15,8,11,1,1,0,3,7,0,0,0,0,0,0,3,11,0,True,False,False,False,False,False,False,False,False,True,False,False,False,48,4,266.66666666666663
2154,1971,30372.0,1,1,2012-12-25,33,15,0,12,7,3,7,3,2,0,3,7,0,0,0,0,0,0,3,11,0,False,False,True,False,False,False,False,False,False,False,False,True,False,44,5,266.66666666666663
5394,1979,16014.0,1,1,2013-03-17,42,3,9,4,7,8,7,4,1,1,4,3,0,0,0,0,0,0,3,11,0,False,True,False,False,False,False,False,False,False,True,False,False,False,38,6,266.66666666666663
3798,1968,41120.0,1,1,2013-11-06,80,24,2,23,0,8,24,3,2,1,3,6,0,0,0,0,0,0,3,11,0,False,False,True,False,False,False,False,False,True,False,False,False,False,81,6,266.66666666666663
5247,1955,38725.0,1,1,2014-05-10,52,31,0,6,2,1,5,2,1,0,4,4,0,0,0,0,0,0,3,11,0,False,False,False,False,True,False,False,False,True,False,False,False,False,45,5,266.66666666666663
8812,1979,13533.0,1,0,2013-03-10,45,12,3,8,8,0,17,2,2,0,3,7,0,0,0,0,0,0,3,11,0,True,False,False,False,False,False,False,True,False,False,False,False,False,48,5,266.66666666666663
6616,1975,59481.0,0,1,2013-10-23,47,178,3,85,71,66,58,2,3,3,8,2,0,0,0,0,0,0,3,11,0,False,False,True,False,False,False,False,False,False,False,True,False,False,461,14,266.66666666666663
2797,1977,72117.0,0,1,2013-08-20,34,707,20,171,65,60,50,1,9,7,9,5,0,0,0,0,0,0,3,11,0,False,False,True,False,False,False,False,False,True,False,False,False,False,1073,25,266.66666666666663
4328,1986,21955.0,1,0,2013-09-07,81,5,1,7,17,14,11,2,2,1,3,6,0,0,0,0,0,0,3,11,0,True,False,False,False,False,False,False,False,True,False,False,False,False,55,6,266.66666666666663
9167,1956,67131.0,0,1,2013-03-26,72,465,71,250,93,35,62,3,9,2,12,6,0,0,0,0,0,0,3,11,0,False,False,True,False,False,False,False,False,True,False,False,False,False,976,23,266.66666666666663
10560,1980,36802.0,1,0,2014-06-16,23,16,1,2,0,0,1,1,1,0,3,5,0,0,0,0,0,0,3,11,0,False,False,False,False,True,False,False,False,False,True,False,False,False,20,4,266.66666666666663
8312,1961,28249.0,0,0,2014-06-15,80,1,9,7,2,14,10,1,2,0,3,6,0,0,0,0,0,0,3,11,0,False,True,False,False,False,False,False,False,True,False,False,False,False,43,5,266.66666666666663
7592,1946,51012.0,0,0,2013-04-18,86,102,9,63,2,9,24,1,4,1,4,6,0,0,0,0,0,0,3,11,0,False,False,False,False,True,False,False,False,True,False,False,False,False,209,9,266.66666666666663
8895,1985,70596.0,0,0,2012-10-05,68,347,44,534,17,0,26,1,3,5,12,2,0,0,0,0,0,0,3,11,0,False,False,True,False,False,False,False,False,False,True,False,False,False,968,20,266.66666666666663
2694,1967,42664.0,0,1,2014-03-18,44,21,0,3,0,0,0,1,1,0,3,6,0,0,0,0,0,0,3,11,0,False,False,True,False,False,False,False,False,True,False,False,False,False,24,4,266.66666666666663
7433,1985,29760.0,1,0,2012-08-29,87,64,4,68,7,5,17,4,3,1,4,8,0,0,0,0,0,0,3,11,0,False,False,True,False,False,False,False,False,False,True,False,False,False,165,8,266.66666666666663
164,1977,28973.0,0,0,2012-10-13,59,206,0,46,3,2,12,2,5,1,5,8,0,0,0,0,0,0,3,11,0,False,False,False,False,True,False,False,False,True,False,False,False,False,269,11,266.66666666666663
10477,1973,39435.0,1,0,2013-08-06,16,71,0,18,0,0,13,1,3,1,2,7,0,0,0,0,0,0,3,11,0,False,False,False,False,True,False,False,False,False,False,True,False,False,102,6,266.66666666666663
5150,1979,20194.0,1,0,2012-12-17,64,0,4,7,11,10,15,2,2,0,3,6,0,0,0,0,0,0,3,11,0,False,True,False,False,False,False,False,False,False,True,False,False,False,47,5,266.66666666666663
5283,1976,42473.0,1,1,2014-02-17,72,93,1,21,0,4,25,3,2,1,4,5,0,0,0,0,0,0,3,11,0,False,False,False,False,True,False,False,False,False,True,False,False,False,144,7,266.66666666666663
10678,1959,71232.0,0,1,2013-11-28,91,653,17,170,34,26,17,2,11,2,10,7,0,0,0,0,0,0,3,11,0,False,False,True,False,False,False,False,False,False,False,True,False,False,917,23,266.66666666666663
9648,1967,46904.0,1,1,2012-11-03,20,153,4,56,0,9,31,4,5,1,4,8,0,0,0,0,0,0,3,11,0,False,False,True,False,False,False,False,False,False,True,False,False,False,253,10,266.66666666666663
2870,1973,49094.0,0,1,2012-09-21,6,376,0,38,11,8,69,5,6,3,6,6,0,0,0,0,0,0,3,11,0,False,False,True,False,False,False,False,False,True,False,False,False,False,502,15,266.66666666666663
8008,1983,36075.0,1,0,2013-12-09,54,46,0,30,12,1,30,1,2,0,4,6,0,0,0,0,0,0,3,11,0,False,False,True,False,False,False,False,False,False,False,True,False,False,119,6,266.66666666666663
1419,1950,34026.0,1,1,2013-08-05,11,18,6,15,12,8,17,3,2,1,3,5,0,0,0,0,0,0,3,11,0,False,False,True,False,False,False,False,False,False,False,True,False,False,76,6,266.66666666666663
9150,1963,48918.0,1,1,2014-04-12,21,52,0,9,0,0,1,2,1,0,4,4,0,0,0,0,0,0,3,11,0,False,False,False,False,True,False,False,False,False,True,False,False,False,62,5,266.66666666666663
1250,1976,37697.0,1,0,2014-02-07,82,34,6,21,11,4,8,1,2,1,3,6,0,0,0,0,0,0,3,11,0,False,False,True,False,False,False,False,False,False,True,False,False,False,84,6,266.66666666666663
10691,1960,28520.0,1,1,2013-06-14,55,11,0,10,0,2,20,1,1,1,2,6,0,0,0,0,0,0,3,11,0,False,False,False,True,False,False,False,False,True,False,False,False,False,43,4,266.66666666666663
7002,1955,62535.0,0,1,2013-10-03,13,163,48,90,0,45,52,1,3,2,8,3,0,0,0,0,0,0,3,11,0,False,False,True,False,False,False,False,False,False,True,False,False,False,398,13,266.66666666666663
2952,1977,36273.0,1,0,2014-04-16,80,29,3,30,3,2,9,2,3,0,3,6,0,0,0,0,0,0,3,11,0,False,False,False,True,False,False,False,False,False,True,False,False,False,76,6,266.66666666666663
6289,1951,59385.0,1,1,2013-04-28,85,135,0,10,0,4,36,2,3,1,4,5,0,0,0,0,0,0,3,11,0,False,False,False,True,False,False,False,False,False,False,True,False,False,185,8,266.66666666666663
9284,1958,53977.0,0,1,2013-06-08,21,620,16,165,0,24,82,5,5,5,12,5,0,0,0,0,0,0,3,11,0,False,False,True,False,False,False,False,False,False,False,True,False,False,907,22,266.66666666666663
3130,1964,18701.0,1,1,2013-06-04,95,12,4,2,10,6,10,4,2,0,4,5,0,0,0,0,0,0,3,11,0,False,False,True,False,False,False,False,False,False,True,False,False,False,44,6,266.66666666666663
5513,1966,37758.0,1,1,2012-10-04,49,27,2,10,0,0,1,2,1,0,3,8,0,0,0,0,0,0,3,11,0,False,False,True,False,False,False,False,False,False,False,True,False,False,40,4,266.66666666666663
269,1963,46757.0,0,1,2012-11-16,71,777,30,163,0,51,122,6,4,4,7,9,0,0,0,0,0,0,3,11,0,False,False,False,False,True,False,False,False,False,True,False,False,False,1143,15,266.66666666666663
2549,1983,21840.0,1,0,2013-07-21,80,17,0,9,0,0,1,1,1,0,3,9,0,0,0,0,0,0,3,11,0,False,False,False,False,True,False,False,False,False,False,True,False,False,27,4,266.66666666666663
10307,1956,50387.0,0,2,2013-08-31,91,369,9,87,12,14,34,3,6,2,8,5,0,0,0,0,0,0,3,11,0,False,False,True,False,False,False,False,False,True,False,False,False,False,525,16,266.66666666666663
8566,1961,32583.0,1,1,2014-06-15,10,5,0,3,0,0,1,1,1,0,2,7,0,0,0,0,0,0,3,11,0,False,False,False,False,True,False,False,False,False,False,True,False,False,9,3,266.66666666666663
5684,1971,44635.0,1,1,2013-10-11,25,56,0,9,0,0,3,2,2,0,3,7,0,0,0,0,0,0,3,11,0,False,False,False,True,False,False,False,True,False,False,False,False,False,68,5,266.66666666666663
8334,1971,33316.0,1,1,2013-10-04,34,79,1,31,4,4,12,3,2,1,4,6,0,0,0,0,0,0,3,11,0,False,False,False,True,False,False,False,False,False,True,False,False,False,131,7,266.66666666666663
78,1969,25293.0,1,0,2013-09-15,51,15,0,11,0,2,9,1,1,1,2,8,0,0,0,0,0,0,3,11,0,False,False,True,False,False,False,False,False,True,False,False,False,False,37,4,266.66666666666663
5441,1965,54111.0,0,1,2013-08-25,97,267,6,54,8,3,50,2,5,2,6,5,0,0,0,0,0,0,3,11,0,False,False,False,False,True,False,False,False,False,False,False,True,False,388,13,266.66666666666663
6859,1987,29236.0,1,0,2013-10-08,30,37,4,24,16,9,9,2,4,0,3,9,0,0,0,0,0,0,3,11,0,False,False,True,False,False,False,False,False,False,True,False,False,False,99,7,266.66666666666663
9860,1959,44911.0,0,1,2013-03-15,11,159,0,22,2,1,31,3,4,1,4,7,0,0,0,0,0,0,3,11,0,False,False,True,False,False,False,False,False,False,False,True,False,False,215,9,266.66666666666663
5866,1974,48186.0,1,0,2014-03-20,39,97,3,66,12,7,34,3,4,1,4,7,0,0,0,0,0,0,3,11,0,False,False,True,False,False,False,False,False,False,False,True,False,False,219,9,266.66666666666663
7393,1978,41580.0,1,1,2012-12-10,15,56,5,24,4,0,3,3,2,1,3,5,0,0,0,0,0,0,3,11,0,False,False,True,False,False,False,False,False,False,False,True,False,False,92,6,266.66666666666663
9576,1982,32313.0,1,0,2013-02-11,60,86,4,56,2,4,7,3,4,0,4,9,0,0,0,0,0,0,3,11,0,False,False,False,False,True,False,False,False,False,False,True,False,False,159,8,266.66666666666663
7419,1968,27071.0,1,0,2014-04-23,90,8,3,19,0,2,3,2,2,0,3,6,0,0,0,0,0,0,3,11,0,False,False,False,True,False,False,False,True,False,False,False,False,False,35,5,266.66666666666663
3170,1957,68148.0,0,0,2013-08-31,86,389,66,408,37,57,85,1,4,4,6,2,0,0,0,0,0,0,3,11,0,False,False,False,True,False,False,False,False,False,False,True,False,False,1042,14,266.66666666666663
8527,1965,65735.0,1,1,2013-12-07,37,239,7,119,4,15,11,5,6,2,6,7,0,0,0,0,0,0,3,11,0,False,False,False,True,False,False,False,False,False,False,True,False,False,395,14,266.66666666666663
10595,1990,30093.0,0,0,2013-07-08,19,2,6,28,13,4,16,1,2,0,3,7,0,0,0,0,0,0,3,11,0,False,False,True,False,False,False,False,False,True,False,False,False,False,69,5,266.66666666666663
4609,1966,57705.0,0,1,2014-01-11,14,383,0,53,6,4,40,3,8,1,6,6,0,0,0,0,0,0,3,11,0,False,False,False,False,True,False,False,False,True,False,False,False,False,486,15,266.66666666666663
5010,1988,25008.0,1,0,2014-02-02,72,2,8,8,6,1,9,2,1,0,3,8,0,0,0,0,0,0,3,11,0,False,False,True,False,False,False,False,False,False,True,False,False,False,34,4,266.66666666666663
11148,1975,22280.0,1,0,2013-05-19,85,2,1,4,3,1,2,1,1,0,2,8,0,0,0,0,0,0,3,11,0,False,False,True,False,False,False,False,False,False,False,True,False,False,13,3,266.66666666666663
6710,1951,58217.0,2,1,2012-11-17,84,68,1,13,3,5,13,1,2,0,4,6,0,0,0,0,0,0,3,11,0,False,False,False,True,False,False,False,False,False,True,False,False,False,103,6,266.66666666666663
5316,1976,21024.0,0,0,2013-07-04,89,36,4,18,6,2,18,1,2,0,4,7,0,0,0,0,0,0,3,11,0,False,False,False,True,False,False,False,False,False,False,True,False,False,84,6,266.66666666666663
521,1985,54006.0,1,0,2012-09-18,42,174,77,203,6,24,97,2,8,1,7,7,0,0,0,0,0,0,3,11,0,False,False,True,False,False,False,False,False,False,False,True,False,False,581,16,266.66666666666663
1459,1966,69063.0,0,1,2012-11-07,16,666,35,124,69,8,26,1,5,3,5,3,0,0,0,0,0,0,3,11,0,False,False,False,False,True,False,False,False,True,False,False,False,False,928,13,266.66666666666663
10241,1975,11448.0,0,0,2013-12-15,16,0,0,0,6,2,6,1,1,0,2,6,0,0,0,0,0,0,3,11,0,True,False,False,False,False,False,False,True,False,False,False,False,False,14,3,266.66666666666663
1630,1979,61825.0,0,1,2013-08-07,56,162,50,100,55,30,27,1,4,2,8,4,0,0,0,0,0,0,3,11,0,False,False,True,False,False,False,False,False,False,True,False,False,False,424,14,266.66666666666663
4227,1968,32889.0,1,1,2013-09-06,78,28,0,13,4,2,8,3,2,1,3,5,0,0,0,0,0,0,3,11,0,False,False,False,True,False,False,False,False,False,False,True,False,False,55,6,266.66666666666663
9467,1984,34738.0,1,0,2014-05-11,51,3,2,10,3,0,2,1,1,0,3,6,0,0,0,0,0,0,3,11,0,False,False,True,False,False,False,False,False,False,True,False,False,False,20,4,266.66666666666663
8486,1971,30538.0,1,0,2012-10-01,27,284,0,52,8,3,20,4,9,0,4,10,0,0,0,0,0,0,3,11,0,False,False,False,True,False,False,False,False,False,False,True,False,False,367,13,266.66666666666663
3286,1967,26642.0,1,0,2014-03-01,71,13,2,15,2,2,8,2,2,0,3,6,0,0,0,0,0,0,3,11,0,False,False,False,False,True,False,False,True,False,False,False,False,False,42,5,266.66666666666663
3722,1972,44503.0,1,1,2014-04-16,83,31,1,8,0,0,8,2,2,0,3,6,0,0,0,0,0,0,3,11,0,False,False,True,False,False,False,False,False,False,True,False,False,False,48,5,266.66666666666663
6715,1948,60200.0,0,1,2013-01-02,3,502,19,132,0,6,26,6,6,2,11,6,0,0,0,0,0,0,3,11,0,False,False,False,False,True,False,False,False,False,True,False,False,False,685,19,266.66666666666663
4796,1952,49638.0,0,1,2014-04-19,71,18,10,3,3,5,0,1,1,0,3,2,0,0,0,0,0,0,3,11,0,False,False,True,False,False,False,False,True,False,False,False,False,False,39,4,266.66666666666663
9612,1987,23830.0,0,0,2014-02-07,3,1,8,6,4,8,16,1,1,0,3,7,0,0,0,0,0,0,3,11,0,True,False,False,False,False,False,False,False,False,True,False,False,False,43,4,266.66666666666663
1570,1951,69702.0,0,1,2013-02-19,8,664,9,240,50,19,57,2,7,7,10,4,0,0,0,0,0,0,3,11,0,False,False,False,False,True,False,False,False,False,False,True,False,False,1039,24,266.66666666666663
3426,1975,70300.0,1,0,2013-07-15,89,1045,61,338,60,46,46,3,5,5,13,8,0,0,0,0,0,0,3,11,0,False,False,True,False,False,False,False,True,False,False,False,False,False,1596,23,266.66666666666663
5180,1968,50616.0,0,1,2014-04-18,56,128,0,16,0,1,4,2,4,0,4,7,0,0,0,0,0,0,3,11,0,False,False,False,False,True,False,False,True,False,False,False,False,False,149,8,266.66666666666663
7679,1985,30298.0,0,0,2014-05-19,48,6,3,12,6,1,0,1,1,1,3,3,0,0,0,0,0,0,3,11,0,False,False,False,False,True,False,False,False,False,True,False,False,False,28,5,266.66666666666663
10702,1984,52413.0,1,0,2012-11-03,67,185,8,133,56,56,12,2,7,1,7,7,0,0,0,0,0,0,3,11,0,False,False,True,False,False,False,False,False,False,True,False,False,False,450,15,266.66666666666663
7505,1957,44155.0,1,1,2014-01-19,24,22,1,9,0,0,14,1,1,1,2,4,0,0,0,0,0,0,3,11,0,False,False,False,False,True,False,False,False,True,False,False,False,False,46,4,266.66666666666663
5790,1985,31158.0,1,0,2013-01-27,62,25,6,16,20,0,5,2,2,0,3,8,0,0,0,0,0,0,3,11,0,False,False,True,False,False,False,False,False,True,False,False,False,False,72,5,266.66666666666663
3578,1949,49160.0,0,1,2013-10-20,29,122,21,43,25,10,15,2,3,1,6,6,0,0,0,0,0,0,3,11,0,False,False,True,False,False,False,False,True,False,False,False,False,False,236,10,266.66666666666663
8780,1950,59292.0,0,1,2013-06-13,71,378,14,68,19,14,14,2,3,5,8,3,0,0,0,0,0,0,3,11,0,False,False,False,False,True,False,False,False,False,False,True,False,False,507,16,266.66666666666663
10789,1964,45759.0,1,1,2013-02-23,13,42,1,18,3,0,4,2,2,0,3,7,0,0,0,0,0,0,3,11,0,False,False,False,False,True,False,False,False,True,False,False,False,False,68,5,266.66666666666663
10779,1983,22148.0,0,0,2014-04-13,16,15,5,14,0,4,11,1,1,0,3,7,0,0,0,0,0,0,3,11,0,False,False,True,False,False,False,False,False,False,True,False,False,False,49,4,266.66666666666663
5896,1987,73395.0,0,0,2014-03-18,94,272,7,80,20,7,11,1,4,4,6,2,0,0,0,0,0,0,3,11,0,False,False,False,True,False,False,False,False,True,False,False,False,False,397,14,266.66666666666663
2337,1971,29819.0,1,0,2013-10-24,77,9,1,24,2,1,2,3,3,0,3,6,0,0,0,0,0,0,3,11,0,False,False,True,False,False,False,False,True,False,False,False,False,False,39,6,266.66666666666663
10680,1986,33235.0,1,0,2014-02-05,71,45,0,16,2,1,6,1,3,0,3,7,0,0,0,0,0,0,3,11,0,False,False,True,False,False,False,False,False,False,False,True,False,False,70,6,266.66666666666663
3265,1959,35701.0,0,0,2013-03-19,36,21,1,9,7,3,5,1,1,0,3,6,0,0,0,0,0,0,3,11,0,False,False,True,False,False,False,False,False,True,False,False,False,False,46,4,266.66666666666663
2326,1990,18929.0,0,0,2013-02-16,15,32,0,8,23,4,18,1,1,0,4,6,0,0,0,0,0,0,3,11,0,False,False,True,False,False,False,False,False,True,False,False,False,False,85,5,266.66666666666663
4385,1981,36038.0,1,0,2013-05-31,82,23,0,15,0,2,7,2,3,0,3,6,0,0,0,0,0,0,3,11,0,False,False,False,False,True,False,False,False,False,True,False,False,False,47,6,266.66666666666663
2929,1976,20180.0,0,0,2013-02-20,27,18,42,24,15,20,18,1,2,1,4,7,0,0,0,0,0,0,3,11,0,False,False,True,False,False,False,False,False,False,True,False,False,False,137,7,266.66666666666663
10686,1965,34230.0,1,1,2012-12-26,72,15,0,4,0,0,2,1,1,0,2,7,0,0,0,0,0,0,3,11,0,False,False,False,False,True,False,False,False,False,False,True,False,False,21,3,266.66666666666663
2546,1977,31878.0,0,1,2014-06-22,7,23,4,5,10,5,23,1,1,0,4,3,0,0,0,0,0,0,3,11,0,True,False,False,False,False,False,False,False,False,True,False,False,False,70,5,266.66666666666663
3112,1977,22701.0,1,0,2013-09-05,2,2,4,9,0,4,5,1,1,0,3,5,0,0,0,0,0,0,3,11,0,False,False,False,True,False,False,False,False,True,False,False,False,False,24,4,266.66666666666663
5734,1974,61917.0,1,1,2013-11-20,83,46,4,36,2,2,1,1,2,0,4,5,0,0,0,0,0,0,3,11,0,False,False,False,False,True,False,False,False,True,False,False,False,False,91,6,266.66666666666663
2878,1947,67472.0,0,1,2013-09-28,93,162,31,127,8,17,69,2,4,2,7,3,0,0,0,0,0,0,3,11,0,False,False,False,False,True,False,False,False,True,False,False,False,False,414,13,266.66666666666663
1458,1982,21059.0,1,0,2014-01-07,40,8,3,19,3,3,8,3,3,0,3,6,0,0,0,0,0,0,3,11,0,False,False,False,True,False,False,False,False,True,False,False,False,False,44,6,266.66666666666663
7007,1968,29543.0,2,0,2014-04-01,47,17,3,18,3,4,18,2,3,1,2,7,0,0,0,0,0,0,3,11,0,False,False,False,True,False,False,False,False,True,False,False,False,False,63,6,266.66666666666663
1403,1975,34984.0,1,1,2012-09-06,40,8,4,15,3,5,3,2,1,0,3,7,0,0,0,0,0,0,3,11,0,True,False,False,False,False,False,False,False,False,False,True,False,False,38,4,266.66666666666663
9291,1959,34242.0,0,1,2014-03-23,25,8,2,4,0,0,1,1,0,0,3,5,0,0,0,0,0,0,3,11,0,False,False,False,True,False,False,False,False,True,False,False,False,False,15,3,266.66666666666663
2478,1973,25410.0,1,0,2013-08-31,48,2,2,4,13,13,4,1,1,0,4,4,0,0,0,0,0,0,3,11,0,False,False,True,False,False,False,False,False,True,False,False,False,False,38,5,266.66666666666663
5138,1950,28320.0,0,1,2013-01-14,68,19,1,14,3,2,4,1,1,0,3,8,0,0,0,0,0,0,3,11,0,False,False,True,False,False,False,False,False,False,False,True,False,False,43,4,266.66666666666663
5393,1977,23763.0,1,0,2012-08-07,64,22,0,6,6,2,6,1,1,0,3,7,0,0,0,0,0,0,3,11,0,False,False,True,False,False,False,False,False,False,True,False,False,False,42,4,266.66666666666663
5015,1976,34529.0,1,0,2012-09-14,94,68,6,38,3,6,41,2,2,2,3,7,0,0,0,0,0,0,3,11,0,False,False,False,True,False,False,False,False,True,False,False,False,False,162,7,266.66666666666663
7842,1968,36065.0,1,1,2013-03-31,54,18,7,34,10,2,3,3,3,0,3,8,0,0,0,0,0,0,3,11,0,False,False,True,False,False,False,False,False,False,True,False,False,False,74,6,266.66666666666663
9955,1954,39898.0,0,1,2013-02-12,20,69,8,26,12,7,12,2,3,0,4,7,0,0,0,0,0,0,3,11,0,False,False,True,False,False,False,False,False,False,False,True,False,False,134,7,266.66666666666663
6663,1940,51141.0,0,0,2013-07-08,96,144,0,7,0,0,6,1,3,1,4,5,0,0,0,0,0,0,3,11,0,False,False,False,False,True,False,False,False,False,True,False,False,False,157,8,266.66666666666663
2162,1976,56939.0,0,1,2013-09-18,19,256,34,103,90,29,49,2,3,3,10,3,0,0,0,0,0,0,3,11,0,False,False,True,False,False,False,False,False,True,False,False,False,False,561,16,266.66666666666663
5626,1964,61798.0,0,0,2013-11-23,13,338,4,89,11,8,13,1,4,2,9,4,0,0,0,0,0,0,3,11,0,False,False,False,False,True,False,False,False,False,True,False,False,False,463,15,266.66666666666663
6428,1950,76842.0,0,0,2014-05-03,37,605,10,345,84,54,32,1,1,8,7,0,0,0,0,0,0,0,3,11,0,False,False,False,False,True,False,False,False,False,False,False,True,False,1130,16,266.66666666666663
8514,1976,29478.0,1,0,2014-01-17,59,8,0,7,3,1,1,1,1,0,3,6,0,0,0,0,0,0,3,11,0,False,False,True,False,False,False,False,False,False,False,True,False,False,20,4,266.66666666666663
7530,1950,56551.0,1,1,2014-05-07,48,67,4,32,17,2,16,3,2,1,4,4,0,0,0,0,0,0,3,11,0,False,False,False,False,True,False,False,False,False,False,False,True,False,138,7,266.66666666666663
6355,1978,44359.0,1,1,2014-06-17,19,20,0,14,7,3,1,3,2,0,4,3,0,0,0,0,0,0,3,11,0,False,False,True,False,False,False,False,False,True,False,False,False,False,45,6,266.66666666666663
1158,1966,48877.0,0,1,2014-01-05,27,102,1,15,2,0,24,1,3,0,4,7,0,0,0,0,0,0,3,11,0,False,False,True,False,False,False,False,True,False,False,False,False,False,144,7,266.66666666666663
9507,1975,40794.0,0,1,2013-04-07,18,261,23,73,4,23,50,2,6,3,5,7,0,0,0,0,0,0,3,11,0,False,False,True,False,False,False,False,False,True,False,False,False,False,434,14,266.66666666666663
8360,1971,54690.0,1,1,2013-11-07,76,111,16,37,7,9,18,3,3,1,5,3,0,0,0,0,0,0,3,11,0,True,False,False,False,False,False,False,False,True,False,False,False,False,198,9,266.66666666666663
4867,1968,38236.0,1,1,2013-09-20,2,58,0,18,2,0,10,4,3,0,4,7,0,0,0,0,0,0,3,11,0,False,False,False,False,True,False,False,False,False,True,False,False,False,88,7,266.66666666666663
3032,1984,24570.0,1,0,2013-02-27,97,28,34,62,11,14,44,3,4,0,4,9,0,0,0,0,0,0,3,11,0,False,False,True,False,False,False,False,False,True,False,False,False,False,193,8,266.66666666666663
4470,1962,58646.0,0,1,2013-06-10,3,62,1,44,6,5,22,1,2,1,4,4,0,0,0,0,0,0,3,11,0,False,False,False,True,False,False,False,False,True,False,False,False,False,140,7,266.66666666666663
8619,1957,21994.0,0,1,2012-12-24,4,9,0,6,3,1,3,1,0,0,3,5,0,0,0,0,0,0,3,11,0,False,False,True,False,False,False,False,False,False,False,True,False,False,22,3,266.66666666666663
10821,1978,57113.0,1,1,2013-02-06,45,182,4,33,0,2,42,6,4,1,5,7,0,0,0,0,0,0,3,11,0,False,False,True,False,False,False,False,False,True,False,False,False,False,263,10,266.66666666666663
4552,1991,51373.0,0,0,2013-06-22,37,83,2,101,64,26,117,1,3,5,3,4,0,0,0,0,0,0,3,11,0,False,False,True,False,False,False,False,False,True,False,False,False,False,393,11,266.66666666666663
898,1986,23477.0,1,0,2013-10-21,39,38,15,54,3,8,29,3,3,0,4,8,0,0,0,0,0,0,3,11,0,False,False,True,False,False,False,False,False,True,False,False,False,False,147,7,266.66666666666663
9797,1956,58116.0,0,1,2014-04-13,38,228,19,130,4,11,51,2,3,3,8,2,0,0,0,0,0,0,3,11,0,False,False,True,False,False,False,False,False,True,False,False,False,False,443,14,266.66666666666663
8212,1971,39791.0,0,1,2013-03-28,89,85,15,27,13,13,21,2,3,1,4,7,0,0,0,0,0,0,3,11,0,False,False,False,True,False,False,False,False,True,False,False,False,False,174,8,266.66666666666663
4547,1960,13672.0,1,1,2013-04-17,86,6,2,9,2,1,5,2,1,0,3,8,0,0,0,0,0,0,3,11,0,False,False,True,False,False,False,False,False,False,False,True,False,False,25,4,266.66666666666663
10841,1975,56559.0,0,1,2012-12-25,46,226,22,133,41,31,31,3,4,3,8,4,0,0,0,0,0,0,3,11,0,False,False,False,False,True,False,False,False,False,False,True,False,False,484,15,266.66666666666663
176,1980,67506.0,0,1,2014-01-02,73,90,38,67,33,36,67,1,4,1,6,3,0,0,0,0,0,0,3,11,0,True,False,False,False,False,False,False,False,False,True,False,False,False,331,11,266.66666666666663
4860,1970,24206.0,1,0,2013-03-08,66,7,2,8,3,2,3,1,1,0,3,6,0,0,0,0,0,0,3,11,0,False,False,True,False,False,False,False,False,False,True,False,False,False,25,4,266.66666666666663
10757,1967,28420.0,1,0,2013-12-24,36,4,2,5,2,0,0,1,1,0,2,6,0,0,0,0,0,0,3,11,0,False,False,False,False,True,False,False,True,False,False,False,False,False,13,3,266.66666666666663
6679,1966,33279.0,0,0,2014-06-12,29,10,3,3,0,0,0,1,0,0,3,3,0,0,0,0,0,0,3,11,0,False,False,True,False,False,False,False,False,False,True,False,False,False,16,3,266.66666666666663
9923,1972,46423.0,1,1,2013-09-18,6,68,0,16,0,0,8,3,2,0,4,7,0,0,0,0,0,0,3,11,0,False,False,False,True,False,False,False,False,False,True,False,False,False,92,6,266.66666666666663
7181,1977,30368.0,0,1,2013-11-07,97,35,0,13,2,0,2,2,2,0,3,8,0,0,0,0,0,0,3,11,0,False,False,True,False,False,False,False,False,True,False,False,False,False,52,5,266.66666666666663
6870,1959,68805.0,0,1,2013-09-17,73,182,2,49,17,13,20,1,3,1,7,2,0,0,0,0,0,0,3,11,0,False,False,False,False,True,False,False,True,False,False,False,False,False,283,11,266.66666666666663
832,1966,65814.0,0,1,2014-03-02,90,561,14,113,10,14,35,3,8,2,10,5,0,0,0,0,0,0,3,11,0,False,False,False,False,True,False,False,False,False,False,True,False,False,747,20,266.66666666666663
3657,1986,39146.0,1,0,2013-02-14,1,94,1,33,13,12,12,3,4,0,4,8,0,0,0,0,0,0,3,11,0,False,False,True,False,False,False,False,False,False,True,False,False,False,165,8,266.66666666666663
4102,1975,37284.0,1,1,2013-03-29,46,11,1,2,2,1,6,1,0,0,3,6,0,0,0,0,0,0,3,11,0,True,False,False,False,False,False,False,False,True,False,False,False,False,23,3,266.66666666666663
10598,1967,27943.0,1,1,2013-04-15,89,12,1,16,4,1,3,3,2,0,3,8,0,0,0,0,0,0,3,11,0,False,False,True,False,False,False,False,False,False,False,True,False,False,37,5,266.66666666666663
2375,1972,30261.0,1,2,2012-09-25,75,8,0,5,0,3,6,1,0,0,3,8,0,0,0,0,0,0,3,11,0,False,False,True,False,False,False,False,False,False,False,True,False,False,22,3,266.66666666666663
9829,1978,28587.0,1,0,2014-02-12,42,22,4,17,12,10,13,3,2,0,4,6,0,0,0,0,0,0,3,11,0,False,False,True,False,False,False,False,False,False,False,True,False,False,78,6,266.66666666666663
6214,1982,43815.0,1,0,2013-04-05,53,14,10,29,4,7,15,1,2,0,3,6,0,0,0,0,0,0,3,11,0,False,False,False,True,False,False,False,False,True,False,False,False,False,79,5,266.66666666666663
4954,1956,48195.0,1,1,2014-01-21,53,106,27,68,52,7,5,6,4,2,5,6,0,0,0,0,0,0,3,11,0,False,False,True,False,False,False,False,False,True,False,False,False,False,265,11,266.66666666666663
7861,1952,77027.0,0,1,2014-02-05,23,820,57,242,45,0,11,2,8,3,6,4,0,0,0,0,0,0,3,11,0,False,False,False,True,False,False,False,False,True,False,False,False,False,1175,17,266.66666666666663
9423,1979,32765.0,1,0,2014-02-23,49,13,3,17,7,3,3,2,2,0,4,5,0,0,0,0,0,0,3,11,0,False,False,False,True,False,False,False,False,True,False,False,False,False,46,6,266.66666666666663
4198,1965,29672.0,1,1,2013-03-12,6,9,1,3,0,4,8,1,0,0,3,6,0,0,0,0,0,0,3,11,0,False,False,True,False,False,False,False,False,False,False,True,False,False,25,3,266.66666666666663
153,1953,23272.0,0,0,2013-10-17,29,19,3,6,4,2,12,1,1,0,3,4,0,0,0,0,0,0,3,11,0,False,False,True,False,False,False,False,True,False,False,False,False,False,46,4,266.66666666666663
10001,1985,7500.0,1,0,2012-08-01,98,5,17,17,13,14,34,4,2,1,3,9,0,0,0,0,0,0,3,11,0,True,False,False,False,False,False,False,False,False,False,True,False,False,100,6,266.66666666666663
8625,1976,17649.0,1,0,2013-11-12,70,15,1,23,0,5,1,3,3,0,3,8,0,0,0,0,0,0,3,11,0,False,False,True,False,False,False,False,False,True,False,False,False,False,45,6,266.66666666666663
9119,1950,60905.0,0,1,2013-12-05,27,208,17,76,36,17,38,2,3,3,7,2,0,0,0,0,0,0,3,11,0,False,False,True,False,False,False,False,False,False,False,True,False,False,392,13,266.66666666666663
6568,1984,38680.0,1,0,2013-03-28,97,11,0,36,15,5,12,1,2,0,3,7,0,0,0,0,0,0,3,11,0,False,False,True,False,False,False,False,False,True,False,False,False,False,79,5,266.66666666666663
8416,1981,29009.0,1,0,2013-11-29,19,6,6,15,10,5,2,2,2,0,3,6,0,0,0,0,0,0,3,11,0,False,False,True,False,False,False,False,False,True,False,False,False,False,44,5,266.66666666666663
5454,1979,45057.0,1,0,2013-12-01,80,37,0,7,3,0,3,1,2,0,3,5,0,0,0,0,0,0,3,11,0,False,False,False,True,False,False,False,False,True,False,False,False,False,50,5,266.66666666666663
5474,1970,43020.0,1,0,2013-11-30,79,45,7,99,4,25,43,3,4,1,4,6,0,0,0,0,0,0,3,11,0,False,False,True,False,False,False,False,False,False,True,False,False,False,223,9,266.66666666666663
4268,1959,53154.0,0,1,2014-06-09,50,129,0,21,0,1,7,1,3,1,4,4,0,0,0,0,0,0,3,11,0,False,False,True,False,False,False,False,False,True,False,False,False,False,158,8,266.66666666666663
626,1951,32871.0,1,1,2013-03-09,28,22,2,12,0,2,5,1,1,0,3,4,0,0,0,0,0,0,3,11,0,False,False,True,False,False,False,False,False,True,False,False,False,False,43,4,266.66666666666663
2591,1959,76320.0,0,1,2014-06-22,49,526,35,214,69,53,35,2,6,3,4,2,0,0,0,0,0,0,3,11,0,False,False,True,False,False,False,False,False,False,False,False,True,False,932,13,266.66666666666663
10509,1955,36927.0,1,1,2014-06-02,46,51,0,16,0,0,4,2,3,0,3,8,0,0,0,0,0,0,3,11,0,False,False,False,True,False,False,False,False,False,True,False,False,False,71,6,266.66666666666663
6382,1953,48794.0,1,1,2014-06-26,97,25,0,11,3,0,15,1,1,0,3,4,0,0,0,0,0,0,3,11,0,False,False,True,False,False,False,False,False,False,False,True,False,False,54,4,266.66666666666663
6673,1965,23478.0,0,0,2013-03-19,51,28,6,27,12,17,39,1,3,0,3,8,0,0,0,0,0,0,3,11,0,False,False,True,False,False,False,False,False,False,True,False,False,False,129,6,266.66666666666663
8775,1969,38361.0,1,0,2013-12-27,74,39,0,56,20,8,14,3,3,1,3,7,0,0,0,0,0,0,3,11,0,False,False,True,False,False,False,False,False,False,False,True,False,False,137,7,266.66666666666663
1612,1981,51381.5,1,0,2013-05-31,82,23,0,15,0,2,7,2,3,0,3,6,0,0,0,0,0,0,3,11,0,False,False,False,False,True,False,False,False,False,True,False,False,False,47,6,266.66666666666663
322,1978,42554.0,1,1,2013-01-12,93,29,1,11,0,0,0,2,2,0,3,4,0,0,0,0,0,0,3,11,0,False,False,True,False,False,False,False,False,False,False,True,False,False,41,5,266.66666666666663
10897,1974,67445.0,0,1,2012-08-12,63,757,80,217,29,80,11,5,9,6,12,6,0,0,0,0,0,0,3,11,0,False,False,True,False,False,False,False,False,True,False,False,False,False,1174,27,266.66666666666663
6103,1948,42192.0,0,0,2013-09-06,40,40,15,15,17,6,7,1,2,1,3,4,0,0,0,0,0,0,3,11,0,False,False,True,False,False,False,False,False,True,False,False,False,False,100,6,266.66666666666663
10500,1984,31761.0,1,0,2014-04-05,96,19,1,20,16,14,28,2,3,0,4,5,0,0,0,0,0,0,3,11,0,False,False,True,False,False,False,False,False,True,False,False,False,False,98,7,266.66666666666663
1655,1979,34350.0,1,0,2013-10-19,81,16,3,15,2,1,11,1,1,0,3,7,0,0,0,0,0,0,3,11,0,False,False,True,False,False,False,False,False,False,False,True,False,False,48,4,266.66666666666663
2406,1949,54591.0,0,1,2013-08-05,63,376,4,94,12,9,24,3,6,2,8,5,0,0,0,0,0,0,3,11,0,False,False,True,False,False,False,False,False,False,False,True,False,False,519,16,266.66666666666663
5517,1969,25293.0,1,0,2013-09-15,51,15,0,11,0,2,9,1,1,1,2,8,0,0,0,0,0,0,3,11,0,False,False,True,False,False,False,False,False,True,False,False,False,False,37,4,266.66666666666663
6958,1977,27889.0,1,0,2013-07-05,42,14,0,4,0,0,8,1,1,1,2,6,0,0,0,0,0,0,3,11,0,False,False,False,True,False,False,False,False,True,False,False,False,False,26,4,266.66666666666663
954,1960,22123.0,0,0,2014-03-27,77,3,3,24,34,7,31,1,2,1,3,5,0,0,0,0,0,0,3,11,0,False,True,False,False,False,False,False,False,False,False,False,True,False,102,6,266.66666666666663
5079,1971,51381.5,1,1,2013-03-03,82,71,1,16,0,0,9,4,2,1,3,8,0,0,0,0,0,0,3,11,0,False,False,True,False,False,False,False,False,True,False,False,False,False,97,6,266.66666666666663
10339,1954,51381.5,0,1,2013-06-23,83,161,0,22,0,0,24,2,4,1,4,6,0,0,0,0,0,0,3,11,0,False,False,False,True,False,False,False,False,False,False,True,False,False,207,9,266.66666666666663
4643,1973,27803.0,1,0,2012-08-26,40,8,26,46,38,9,49,2,3,0,4,8,0,0,0,0,0,0,3,11,0,False,False,True,False,False,False,False,False,True,False,False,False,False,176,7,266.66666666666663
6497,1960,51651.0,0,1,2012-11-07,32,293,6,23,13,6,92,4,6,2,5,8,0,0,0,0,0,0,3,11,0,False,False,True,False,False,False,False,False,True,False,False,False,False,433,13,266.66666666666663
1052,1969,56796.0,0,1,2013-02-16,24,656,38,161,62,47,37,3,8,9,7,7,0,0,0,0,0,0,3,11,0,False,False,True,False,False,False,False,False,True,False,False,False,False,1001,24,266.66666666666663
6507,1980,30828.0,1,0,2013-10-04,16,16,11,15,2,0,12,2,1,1,4,3,0,0,0,0,0,0,3,11,0,False,False,True,False,False,False,False,False,False,True,False,False,False,56,6,266.66666666666663
7901,1971,34109.0,0,1,2013-11-06,39,9,1,5,2,1,4,1,0,0,3,4,0,0,0,0,0,0,3,11,0,False,False,False,True,False,False,False,False,True,False,False,False,False,22,3,266.66666666666663
2686,1969,22390.0,0,0,2013-10-21,49,0,1,4,15,1,5,1,1,0,2,7,0,0,0,0,0,0,3,11,0,False,True,False,False,False,False,False,False,False,False,True,False,False,26,3,266.66666666666663
3107,1976,71322.0,0,1,2014-05-02,31,121,24,124,24,15,42,1,4,1,7,2,0,0,0,0,0,0,3,11,0,False,False,True,False,False,False,False,False,False,False,True,False,False,350,12,266.66666666666663
11031,1950,48699.0,1,1,2013-05-21,90,26,1,10,2,0,1,1,1,0,3,5,0,0,0,0,0,0,3,11,0,False,False,False,False,True,False,False,False,True,False,False,False,False,40,4,266.66666666666663
975,1956,54252.0,1,1,2013-05-28,25,178,4,26,8,4,44,5,4,1,5,6,0,0,0,0,0,0,3,11,0,False,False,True,False,False,False,False,False,False,True,False,False,False,264,10,266.66666666666663
1055,1976,53204.0,1,1,2014-03-20,40,29,0,8,2,0,6,1,1,0,3,4,0,0,0,0,0,0,3,11,0,False,False,False,True,False,False,False,False,True,False,False,False,False,45,4,266.66666666666663
6544,1949,67911.0,0,1,2014-05-22,63,529,0,356,63,28,0,3,6,7,11,3,0,0,0,0,0,0,3,11,0,False,False,False,False,True,False,False,False,False,False,True,False,False,976,24,266.66666666666663
5802,1972,14188.0,0,0,2013-02-28,40,2,7,11,16,12,27,1,2,0,4,6,0,0,0,0,0,0,3,11,0,False,True,False,False,False,False,False,False,True,False,False,False,False,75,6,266.66666666666663
1407,1986,20425.0,1,0,2012-10-29,5,4,12,5,3,16,17,2,2,0,3,7,0,0,0,0,0,0,3,11,0,False,True,False,False,False,False,False,False,True,False,False,False,False,57,5,266.66666666666663
6183,1962,58646.0,0,1,2013-06-10,3,62,1,44,6,5,22,1,2,1,4,4,0,0,0,0,0,0,3,11,0,False,False,False,True,False,False,False,False,True,False,False,False,False,140,7,266.66666666666663
5991,1949,48150.0,0,1,2013-06-08,24,173,2,39,3,2,47,3,5,1,4,7,0,0,0,0,0,0,3,11,0,False,False,False,True,False,False,False,False,True,False,False,False,False,266,10,266.66666666666663
9729,1955,58275.0,1,1,2013-06-02,48,189,10,253,56,43,64,6,8,2,7,7,0,0,0,0,0,0,3,11,0,False,False,True,False,False,False,False,False,False,False,False,True,False,615,17,266.66666666666663
11091,1953,34587.0,1,1,2014-05-16,68,7,2,9,2,0,2,2,1,0,3,4,0,0,0,0,0,0,3,11,0,False,False,True,False,False,False,False,False,False,False,True,False,False,22,4,266.66666666666663
3969,1974,43018.0,0,1,2013-11-01,46,35,4,17,7,6,64,1,2,2,2,5,0,0,0,0,0,0,3,11,0,False,False,False,True,False,False,False,False,False,False,True,False,False,133,6,266.66666666666663
1916,1954,45736.0,0,1,2013-07-24,92,188,3,180,20,3,43,5,7,1,6,7,0,0,0,0,0,0,3,11,0,False,False,False,True,False,False,False,False,True,False,False,False,False,437,14,266.66666666666663
9907,1969,66476.0,0,1,2013-12-04,80,742,28,152,25,9,57,2,6,8,10,4,0,0,0,0,0,0,3,11,0,False,False,False,True,False,False,False,False,False,False,True,False,False,1013,24,266.66666666666663
87,1981,27733.0,1,0,2013-08-26,16,0,7,5,26,2,17,2,2,0,3,7,0,0,0,0,0,0,3,11,0,True,False,False,False,False,False,False,False,True,False,False,False,False,57,5,266.66666666666663
8659,1952,69805.0,0,1,2014-01-21,50,750,71,174,13,10,20,2,6,8,11,2,0,0,0,0,0,0,3,11,0,False,False,False,False,True,False,False,False,False,False,True,False,False,1038,25,266.66666666666663
6147,1971,25818.0,1,0,2012-10-18,51,5,2,8,2,2,9,1,0,1,2,7,0,0,0,0,0,0,3,11,0,False,False,True,False,False,False,False,True,False,False,False,False,False,28,3,266.66666666666663
8832,1976,37509.0,1,0,2012-09-12,24,37,5,56,12,8,5,2,3,0,4,7,0,0,0,0,0,0,3,11,0,False,False,False,True,False,False,False,False,False,False,True,False,False,123,7,266.66666666666663
10067,1976,25176.0,1,1,2013-08-10,79,4,0,4,0,0,5,1,1,0,2,7,0,0,0,0,0,0,3,11,0,True,False,False,False,False,False,False,False,False,False,True,False,False,13,3,266.66666666666663
7532,1980,43586.0,0,1,2012-08-30,26,99,2,11,4,0,16,3,3,0,4,8,0,0,0,0,0,0,3,11,0,False,False,True,False,False,False,False,False,True,False,False,False,False,132,7,266.66666666666663
2493,1966,61286.0,0,1,2013-08-02,34,356,0,107,19,9,117,2,7,1,8,5,0,0,0,0,0,0,3,11,0,False,False,True,False,False,False,False,False,True,False,False,False,False,608,16,266.66666666666663
10104,1974,33590.0,2,1,2013-11-03,65,4,0,2,0,0,2,1,1,0,2,7,0,0,0,0,0,0,3,11,0,False,False,True,False,False,False,False,False,False,False,True,False,False,8,3,266.66666666666663
3006,1976,30992.0,1,0,2013-04-22,83,17,0,14,7,3,2,1,1,0,3,7,0,0,0,0,0,0,3,11,0,False,False,True,False,False,False,False,True,False,False,False,False,False,43,4,266.66666666666663
642,1980,16005.0,1,0,2012-08-14,69,1,3,2,20,30,47,3,2,1,2,8,0,0,0,0,0,0,3,11,0,False,True,False,False,False,False,False,False,True,False,False,False,False,103,5,266.66666666666663
10127,1965,58692.0,0,1,2014-04-06,21,301,11,61,4,7,11,1,8,2,4,7,0,0,0,0,0,0,3,11,0,False,False,True,False,False,False,False,False,True,False,False,False,False,395,14,266.66666666666663
4973,1970,20587.0,1,0,2014-05-11,39,2,3,6,4,1,9,1,1,1,2,7,0,0,0,0,0,0,3,11,0,False,False,True,False,False,False,False,False,False,True,False,False,False,25,4,266.66666666666663
2948,1954,62637.0,0,1,2014-03-01,76,104,12,48,4,12,5,1,2,2,5,2,0,0,0,0,0,0,3,11,0,False,False,False,True,False,False,False,True,False,False,False,False,False,185,9,266.66666666666663
10432,1974,19346.0,1,0,2014-01-30,26,2,0,9,3,6,2,1,1,0,3,8,0,0,0,0,0,0,3,11,0,False,False,True,False,False,False,False,True,False,False,False,False,False,22,4,266.66666666666663
9216,1971,35788.0,1,1,2014-01-23,34,23,2,11,3,1,4,2,2,0,3,6,0,0,0,0,0,0,3,11,0,False,False,True,False,False,False,False,False,True,False,False,False,False,44,5,266.66666666666663
7124,1968,36997.0,1,1,2013-02-01,72,43,4,12,8,0,27,5,2,1,4,5,0,0,0,0,0,0,3,11,0,False,False,True,False,False,False,False,True,False,False,False,False,False,94,7,266.66666666666663
9727,1957,23539.0,0,0,2014-02-28,13,4,24,11,16,1,25,1,2,0,4,6,0,0,0,0,0,0,3,11,0,False,False,True,False,False,False,False,False,True,False,False,False,False,81,6,266.66666666666663
1818,1971,29732.0,1,0,2014-03-25,23,25,0,8,0,1,4,1,2,0,2,9,0,0,0,0,0,0,3,11,0,False,False,False,False,True,False,False,False,False,False,True,False,False,38,4,266.66666666666663
1100,1960,41275.0,1,2,2014-03-24,33,24,4,22,0,2,9,4,3,1,3,5,0,0,0,0,0,0,3,11,0,False,False,False,True,False,False,False,False,False,False,True,False,False,61,7,266.66666666666663
7873,1973,63516.0,1,1,2013-07-06,30,141,11,114,15,14,5,4,4,1,7,5,0,0,0,0,0,0,3,11,0,False,False,False,False,True,False,False,False,False,False,True,False,False,300,12,266.66666666666663
10609,1962,42769.0,0,1,2013-10-12,15,71,0,13,3,1,0,2,1,1,4,4,0,0,0,0,0,0,3,11,0,False,False,False,False,True,False,False,False,True,False,False,False,False,88,6,266.66666666666663
6950,1958,49572.0,1,1,2013-12-15,25,35,1,16,0,1,1,2,2,0,3,7,0,0,0,0,0,0,3,11,0,False,False,False,True,False,False,False,False,True,False,False,False,False,54,5,266.66666666666663
9481,1976,17148.0,1,0,2014-01-28,80,9,9,11,13,10,16,4,3,1,3,8,0,0,0,0,0,0,3,11,0,False,False,True,False,False,False,False,False,True,False,False,False,False,68,7,266.66666666666663
2711,1976,30560.0,1,0,2013-06-27,6,9,1,5,4,5,7,1,1,0,3,7,0,0,0,0,0,0,3,11,0,False,False,False,True,False,False,False,False,False,False,True,False,False,31,4,266.66666666666663
8933,1983,32146.0,1,0,2014-05-12,16,26,3,23,4,7,3,2,2,0,4,6,0,0,0,0,0,0,3,11,0,True,False,False,False,False,False,False,False,True,False,False,False,False,66,6,266.66666666666663
8726,1964,41713.0,1,1,2014-04-29,57,77,8,44,10,10,25,5,3,1,4,6,0,0,0,0,0,0,3,11,0,True,False,False,False,False,False,False,True,False,False,False,False,False,174,8,266.66666666666663
1515,1975,34176.0,0,1,2014-01-22,9,11,2,7,4,2,2,1,1,0,3,3,0,0,0,0,0,0,3,11,0,False,False,False,True,False,False,False,False,False,False,True,False,False,28,4,266.66666666666663
10157,1965,59686.0,0,1,2014-01-25,78,89,15,89,34,42,5,1,4,1,6,4,0,0,0,0,0,0,3,11,0,False,False,True,False,False,False,False,False,False,True,False,False,False,274,11,266.66666666666663
902,1980,62994.0,1,0,2014-03-04,74,224,12,48,4,12,12,1,6,2,4,6,0,0,0,0,0,0,3,11,0,False,False,True,False,False,False,False,False,False,False,True,False,False,312,12,266.66666666666663
977,1957,47320.0,0,1,2013-08-01,10,200,19,111,50,15,19,6,5,1,8,6,0,0,0,0,0,0,3,11,0,False,False,True,False,False,False,False,False,False,False,True,False,False,414,14,266.66666666666663
7600,1992,15253.0,1,0,2013-10-28,13,1,3,3,8,1,13,2,1,0,3,7,0,0,0,0,0,0,3,11,0,False,True,False,False,False,False,False,False,False,True,False,False,False,29,4,266.66666666666663
9706,1974,31560.0,1,0,2013-06-24,98,62,1,20,4,0,7,2,2,1,3,8,0,0,0,0,0,0,3,11,0,False,False,False,False,True,False,False,False,False,True,False,False,False,94,6,266.66666666666663
4548,1981,41967.0,1,1,2013-11-23,66,23,4,10,0,2,15,1,1,0,3,4,0,0,0,0,0,0,3,11,0,False,False,True,False,False,False,False,False,False,True,False,False,False,54,4,266.66666666666663
492,1973,48432.0,0,1,2012-10-18,3,322,3,50,4,3,42,5,7,1,6,8,0,0,0,0,0,0,3,11,0,False,False,False,False,True,False,False,False,False,False,False,False,True,424,14,266.66666666666663
4541,1955,38946.0,0,1,2013-10-24,84,116,6,82,6,6,41,2,3,1,6,5,0,0,0,0,0,0,3,11,0,False,False,True,False,False,False,False,False,False,False,True,False,False,257,10,266.66666666666663
1321,1974,26067.0,1,0,2013-11-04,49,22,2,18,0,2,12,3,3,0,3,8,0,0,0,0,0,0,3,11,0,False,False,True,False,False,False,False,False,True,False,False,False,False,56,6,266.66666666666663
3266,1964,42523.0,0,0,2014-04-23,96,14,36,11,3,26,35,1,1,1,4,2,0,0,0,0,0,0,3,11,0,False,False,True,False,False,False,False,False,True,False,False,False,False,125,6,266.66666666666663
11187,1978,26487.0,1,0,2013-05-20,23,2,8,10,12,14,23,3,2,1,3,5,0,0,0,0,0,0,3,11,0,False,True,False,False,False,False,False,False,False,True,False,False,False,69,6,266.66666666666663
8207,1957,53233.0,0,1,2014-03-18,18,28,0,9,3,0,0,1,1,0,3,4,0,0,0,0,0,0,3,11,0,True,False,False,False,False,False,False,False,True,False,False,False,False,40,4,266.66666666666663
1646,1972,25224.0,1,0,2014-03-16,36,4,9,12,11,2,8,2,1,1,3,3,0,0,0,0,0,0,3,11,0,False,True,False,False,False,False,False,False,True,False,False,False,False,46,5,266.66666666666663
2656,1971,40851.0,1,1,2013-02-21,63,23,1,7,0,4,24,1,1,1,2,7,0,0,0,0,0,0,3,11,0,False,False,True,False,False,False,False,True,False,False,False,False,False,59,4,266.66666666666663
7990,1947,27469.0,0,0,2012-08-02,2,9,1,2,3,2,0,1,0,0,3,6,0,0,0,0,0,0,3,11,0,False,False,True,False,False,False,False,False,True,False,False,False,False,17,3,266.66666666666663
2980,1952,8820.0,1,1,2013-03-22,52,12,0,13,4,2,4,4,3,0,3,8,0,0,0,0,0,0,3,11,0,False,False,False,True,False,False,False,False,False,True,False,False,False,35,6,266.66666666666663
1839,1974,43322.0,0,0,2014-04-21,25,56,7,48,10,2,18,1,3,0,4,7,0,0,0,0,0,0,3,11,0,False,False,True,False,False,False,False,False,False,True,False,False,False,141,7,266.66666666666663
9014,1975,37085.0,1,1,2014-06-26,65,39,1,16,2,0,3,4,3,0,3,8,0,0,0,0,0,0,3,11,0,False,False,True,False,False,False,False,False,True,False,False,False,False,61,6,266.66666666666663
7620,1990,16185.0,1,0,2013-08-05,71,5,11,16,21,8,45,2,2,2,2,8,0,0,0,0,0,0,3,11,0,False,True,False,False,False,False,False,False,False,True,False,False,False,106,6,266.66666666666663
10968,1969,57731.0,0,1,2012-11-23,0,266,21,300,65,8,44,4,8,8,6,6,0,0,0,0,0,0,3,11,0,False,False,True,False,False,False,False,False,False,True,False,False,False,704,22,266.66666666666663
1876,1990,18929.0,0,0,2013-02-16,15,32,0,8,23,4,18,1,1,0,4,6,0,0,0,0,0,0,3,11,0,False,False,True,False,False,False,False,False,True,False,False,False,False,85,5,266.66666666666663
5959,1968,35893.0,1,1,2012-10-15,80,158,0,23,0,0,18,6,3,1,5,8,0,0,0,0,0,0,3,11,0,False,False,True,False,False,False,False,False,False,True,False,False,False,199,9,266.66666666666663
3850,1963,14918.0,0,1,2012-12-07,52,3,3,3,15,4,15,1,1,0,3,6,0,0,0,0,0,0,3,11,0,False,True,False,False,False,False,False,False,False,False,True,False,False,43,4,266.66666666666663
6168,1963,45146.0,1,1,2013-07-15,28,33,0,5,0,0,15,2,1,1,2,4,0,0,0,0,0,0,3,11,0,False,False,True,False,False,False,False,True,False,False,False,False,False,53,4,266.66666666666663
607,1955,41769.0,0,1,2013-02-13,31,302,29,131,32,0,27,6,8,1,7,8,0,0,0,0,0,0,3,11,0,True,False,False,False,False,False,False,True,False,False,False,False,False,521,16,266.66666666666663
6983,1950,38054.0,1,1,2014-05-01,24,23,2,17,2,1,0,2,2,0,3,7,0,0,0,0,0,0,3,11,0,False,False,False,True,False,False,False,True,False,False,False,False,False,45,5,266.66666666666663
9303,1976,5305.0,0,1,2013-07-30,12,12,4,7,1,3,5,0,1,0,0,13,0,0,0,0,0,0,3,11,0,False,False,True,False,False,False,False,False,True,False,False,False,False,32,1,266.66666666666663
692,1954,36807.0,1,1,2012-12-20,88,4,2,5,0,0,5,1,1,0,2,6,0,0,0,0,0,0,3,11,0,False,False,True,False,False,False,False,False,False,False,True,False,False,16,3,266.66666666666663
736,1983,28427.0,1,0,2013-03-21,67,18,3,19,3,3,6,2,2,0,3,8,0,0,0,0,0,0,3,11,0,False,False,True,False,False,False,False,False,False,False,True,False,False,52,5,266.66666666666663
4838,1978,22775.0,1,0,2013-06-19,40,5,1,8,0,0,1,1,1,0,2,8,0,0,0,0,0,0,3,11,0,False,False,True,False,False,False,False,False,False,False,True,False,False,15,3,266.66666666666663
9246,1985,40101.0,1,0,2012-10-14,73,171,3,129,26,24,62,4,6,1,6,7,0,0,0,0,0,0,3,11,0,False,False,False,True,False,False,False,False,False,False,True,False,False,415,13,266.66666666666663
6261,1979,58025.0,0,1,2013-11-26,81,270,31,88,11,48,22,3,3,2,10,4,0,0,0,0,0,0,3,11,0,False,False,True,False,False,False,False,False,True,False,False,False,False,470,15,266.66666666666663
10659,1979,7500.0,1,0,2013-05-07,7,2,8,11,3,8,21,4,3,2,2,7,0,0,0,0,0,0,3,11,0,True,False,False,False,False,False,False,False,False,False,True,False,False,53,7,266.66666666666663
1448,1963,33562.0,1,2,2014-06-25,33,21,12,12,0,3,3,3,2,0,4,4,0,0,0,0,0,0,3,11,0,False,False,False,True,False,False,False,False,True,False,False,False,False,51,6,266.66666666666663
4749,1968,58554.0,1,1,2012-09-26,55,368,24,68,38,0,88,6,8,2,6,7,0,0,0,0,0,0,3,11,0,False,False,True,False,False,False,False,False,False,False,True,False,False,586,16,266.66666666666663
4201,1962,57967.0,0,1,2013-03-03,39,229,7,137,4,0,91,5,4,2,8,5,0,0,0,0,0,0,3,11,0,False,False,True,False,False,False,False,False,False,True,False,False,False,468,14,266.66666666666663
10084,1972,24434.0,2,0,2014-05-18,9,3,2,8,20,0,17,2,2,1,2,7,0,0,0,0,0,0,3,11,0,False,False,True,False,False,False,False,False,True,False,False,False,False,50,5,266.66666666666663
9817,1970,44802.0,0,0,2012-08-21,71,853,10,143,13,10,20,2,9,4,12,8,0,0,0,0,0,0,3,11,0,False,False,False,True,False,False,False,False,False,True,False,False,False,1049,25,266.66666666666663
8080,1986,26816.0,0,0,2012-08-17,50,5,1,6,3,4,3,1,0,0,3,4,0,0,0,0,0,0,3,11,0,False,False,True,False,False,False,False,False,False,True,False,False,False,22,3,266.66666666666663
8372,1974,34421.0,1,0,2013-07-01,81,3,3,7,6,2,9,1,1,0,2,7,0,0,0,0,0,0,3,11,0,False,False,True,False,False,False,False,False,True,False,False,False,False,30,3,266.66666666666663
8235,1956,69245.0,0,1,2014-01-24,8,428,30,214,80,30,61,2,6,5,10,3,0,0,0,0,0,0,3,11,0,False,False,False,True,False,False,False,False,False,False,True,False,False,843,21,266.66666666666663
